number,first_name,last_name,address,vip
1,Erin,Djurisic,27 Toban Park,true
2,Morlee,Bowle,26449 Scofield Street,true
3,Janeva,Marton,91 Nova Park,false
4,Bernardine,Scopham,45 Oneill Pass,false
5,Jordan,Jeanequin,07 Petterle Avenue,true
6,Raven,Sturm,7 Northview Parkway,true
7,Ezmeralda,Gillicuddy,92083 Cardinal Place,true
8,Cornie,Mewett,58008 Loomis Parkway,false
9,Karrie,Gilham,8 Morningstar Court,true
10,Janet,Lyle,68 Marquette Way,false
11,Malchy,Stanbridge,71 Burning Wood Circle,false
12,Ora,Hadgkiss,4 Ruskin Park,true
13,Mildred,Hehnke,5054 Amoth Trail,true
14,Zachariah,Juanico,202 High Crossing Drive,true
15,Salli,Menary,466 South Avenue,false
16,Bonita,Janecki,5366 Garrison Pass,true
17,Dov,Hedde,3966 Stuart Alley,true
18,Thibaut,Cucuzza,2116 Anderson Court,false
19,Sayer,Dener,56 Anniversary Terrace,true
20,Isidro,Pudney,1765 Pond Road,false
21,Mary,Simonelli,25678 Quincy Junction,false
22,Kev,Dommersen,87 Welch Hill,false
23,Laure,Pulteneye,4 Mccormick Terrace,true
24,Dom,Claibourn,6 Judy Street,true
25,Cathy,Munton,0544 Tennyson Street,false
26,Oberon,Stonhouse,50 2nd Way,false
27,Hildy,Hallybone,88 Dryden Lane,true
28,Creigh,Haughian,53810 Holmberg Road,true
29,Amalie,Haverson,39 Moulton Parkway,true
30,Collin,Sheepy,53 Morrow Park,true
31,Nicolle,Goade,75102 Sunbrook Center,true
32,Jammie,Elcom,21416 Lakewood Place,true
33,Corabel,Boullen,6 Bonner Center,true
34,Marlane,Roj,4367 Summer Ridge Way,true
35,Filia,McQuilkin,11912 Dapin Hill,true
36,Barbi,Gother,26 Division Street,false
37,Sterling,Penniall,9 Moose Drive,true
38,Annamaria,Woodfin,36 Norway Maple Road,false
39,Jacques,De la Perrelle,56466 Mayfield Court,false
40,Bern,Ondrousek,649 Tennyson Drive,true
41,Westbrook,Vernazza,4477 Lien Junction,false
42,Natty,O'Doohaine,4887 Oxford Point,false
43,Clement,Durnian,5 Scoville Parkway,true
44,Sawyer,Skelington,304 Macpherson Crossing,false
45,Daffy,Brunetti,477 Little Fleur Crossing,true
46,Alfredo,Snarr,09215 Summit Lane,true
47,Tabbitha,Dekeyser,74850 Carey Street,true
48,Annalee,Yell,9721 Commercial Street,false
49,Allie,Walsh,7422 High Crossing Pass,true
50,Kenneth,Lathy,35 Petterle Lane,false
51,Ware,Jikylls,23293 Susan Lane,true
52,Robinette,Paton,86 Graedel Drive,false
53,Annmarie,Borge,51525 Banding Park,false
54,Son,Eccott,03225 Oxford Lane,false
55,Rozamond,Checcuzzi,6 Myrtle Road,false
56,Tom,Pautot,28 Debra Place,false
57,Gard,Spaight,8 Maple Court,false
58,Westley,McVeighty,8 Westport Terrace,false
59,Randell,Philpots,96557 Lake View Street,true
60,Artie,Hellcat,7 Forest Alley,true
61,Aylmar,Tillerton,9365 East Lane,true
62,Ermina,Masic,5 Carpenter Drive,false
63,Emery,Harness,7899 Crescent Oaks Junction,true
64,Carie,Rome,0367 Northfield Avenue,false
65,Elvina,Clee,642 Milwaukee Alley,false
66,Raddie,Tilliard,84 Dottie Drive,true
67,Crystie,Ashby,30 Kennedy Place,false
68,Burnard,Youngman,214 Saint Paul Court,true
69,Kingston,Thirst,493 Bonner Road,false
70,Miguela,Sigsworth,3 Lunder Street,false
71,Romeo,Phibb,158 Sutteridge Avenue,false
72,Gwenni,Coghlin,35743 Basil Crossing,true
73,Rudolf,Bennet,009 Forster Park,false
74,Rand,Gavey,64 Erie Circle,false
75,Ryun,Dik,182 Surrey Court,true
76,Kayne,Deniseau,87198 Forster Center,true
77,Leon,Roxbrough,08 Cambridge Parkway,false
78,Brenda,Scotford,468 East Center,false
79,Karel,Haszard,17744 Di Loreto Junction,true
80,Chad,Weldrake,9 Ruskin Trail,true
81,Perkin,Martt,954 Portage Plaza,false
82,Bernard,McLauchlin,402 Division Center,false
83,Bastian,Allott,23 Crest Line Park,false
84,Cazzie,Dymidowicz,9038 Leroy Point,true
85,Darius,Armstrong,41204 Springs Terrace,false
86,Aldridge,Smallman,284 Dottie Crossing,false
87,Arden,Kendall,04 Blue Bill Park Place,true
88,Dreddy,Pocock,48 Stone Corner Park,true
89,Gertrude,Fullard,2867 Bashford Point,true
90,Damara,Passby,2 6th Court,true
91,Granger,Areles,43 Packers Lane,false
92,Norton,Galtone,949 Cody Alley,true
93,Wake,Cohani,283 Hayes Crossing,true
94,Felita,Meatyard,8767 Trailsway Hill,true
95,De,Lavarack,34 Crescent Oaks Pass,true
96,Grange,Bowmaker,93360 Loftsgordon Circle,true
97,Hilde,Assiter,8 Pine View Court,true
98,Kellsie,Sopper,95 Banding Point,true
99,Jesselyn,McGrann,2 Sycamore Hill,true
100,Shay,Sizzey,556 Summer Ridge Park,false
101,Salmon,Soloway,9348 Badeau Avenue,false
102,Lissa,Smail,9 Spenser Center,true
103,Eloisa,Selly,23784 Waywood Pass,true
104,Marthe,Lethlay,04 Arkansas Terrace,false
105,Ronnica,Basketter,529 Banding Crossing,false
106,Kylie,Serrels,657 Kim Pass,true
107,Worthington,Ambrosini,16 Farwell Court,true
108,Laughton,Pickance,4157 Forest Run Road,false
109,Marice,Horsey,0 Everett Crossing,true
110,Constance,Guillou,6 Holy Cross Point,false
111,Kiah,Le febre,83 Forest Dale Parkway,true
112,Beatrix,Snozzwell,864 Browning Trail,true
113,Keir,Crayke,335 Pierstorff Terrace,true
114,Linnet,Kunath,528 Blackbird Plaza,false
115,Belita,Hellings,7577 Eastlawn Road,true
116,Berti,Connerly,09 Division Parkway,true
117,Ezri,Drescher,09989 Derek Parkway,false
118,Vonnie,Garmanson,24926 Ohio Junction,false
119,Cyrus,Shipway,1935 Brentwood Center,true
120,Kalli,Hyndson,5 Granby Way,false
121,Octavius,Altree,43802 Carberry Crossing,true
122,Wendel,Duxbarry,3 Carberry Court,true
123,Britni,Witheridge,680 Upham Center,false
124,Thane,Sprowle,8060 Hagan Pass,false
125,Crysta,Wisher,82 Hintze Crossing,false
126,Johanna,Mileham,7 Moland Lane,true
127,Griffie,Sweating,4 Talisman Alley,true
128,Ginger,Schruyer,4611 Rutledge Road,true
129,Jarrett,Adolfsen,182 Melvin Street,false
130,Issy,Ferrieroi,440 Anderson Circle,false
131,Libbie,Postill,7 Swallow Alley,true
132,Phebe,Semered,9024 Russell Court,false
133,Aile,Bushell,4 Everett Street,false
134,Erena,Woodier,548 Sommers Way,true
135,Karole,Cathcart,64080 Arizona Place,false
136,Spense,Physick,5460 Fair Oaks Court,true
137,Veronike,Lowden,1 Dakota Circle,false
138,Eleanor,Abele,1 Sullivan Avenue,false
139,Mel,Korbmaker,0 Carey Place,false
140,Betti,Shawell,3665 Comanche Drive,true
141,Web,Ivie,70882 Delladonna Avenue,false
142,Kalila,Klaaasen,9494 Huxley Crossing,false
143,Bordie,Lammerts,1 Iowa Street,true
144,Lindsay,MacEvilly,90 Village Pass,true
145,Gram,Rabl,980 Memorial Point,true
146,Katharine,Camois,576 Banding Crossing,false
147,Lammond,Wetherill,8 Bunker Hill Pass,true
148,Sampson,Rubinchik,72163 Hoard Hill,false
149,Agustin,Fright,5454 Moulton Crossing,true
150,Rosaleen,Darinton,26802 Russell Street,true
151,Genna,Assur,98934 Clemons Crossing,true
152,Vivyan,Dumphrey,8320 Michigan Hill,false
153,Marnia,Pinchback,51 Stoughton Drive,false
154,Elia,Worvill,880 Farwell Alley,true
155,Sarena,Grieg,6 Kim Terrace,false
156,David,Yeaman,55710 Talmadge Circle,true
157,Livia,Hess,43 6th Avenue,true
158,Leia,Kemmey,77552 Spaight Trail,true
159,Pris,Carnduff,6168 Rockefeller Road,false
160,Kippy,Bever,7 Old Shore Street,false
161,Batsheva,Creaser,80 Independence Parkway,true
162,Shirley,Buffy,249 Briar Crest Crossing,true
163,Joshua,Danat,707 Mallory Crossing,true
164,Alessandro,Kenyam,9046 Pearson Parkway,false
165,Muffin,Phelan,41417 Meadow Vale Point,false
166,Peggi,Borless,4 Sheridan Park,false
167,Lilyan,Gosling,4231 Graceland Drive,true
168,Sheena,Arnaut,7 Evergreen Center,false
169,Sindee,Green,171 Emmet Junction,false
170,Tedd,Poleye,21786 Grim Terrace,true
171,Broddie,Rimell,206 Stephen Alley,false
172,Jeanna,Romanelli,59783 Dwight Pass,false
173,Barbie,Master,7 Fisk Drive,false
174,Caitrin,Dankov,97 Moose Hill,false
175,Gale,Hardacre,599 Fuller Crossing,true
176,Dennis,Hudspeth,84 Schlimgen Center,false
177,Jeannine,Tidridge,0 Tennyson Drive,false
178,Dayna,Pickersail,52175 Hoepker Circle,true
179,Elsworth,Bazley,184 North Parkway,false
180,Ogdan,Lankford,39 Rieder Street,true
181,Eydie,Bloan,054 Sunnyside Drive,true
182,Darlleen,Langlois,7 Lakewood Gardens Plaza,true
183,Dorelia,Bumphrey,068 Utah Drive,true
184,Syman,Oxtaby,80 Eagan Road,true
185,Land,Munkley,4955 Alpine Park,false
186,Poppy,Denkel,40 Corben Parkway,true
187,Cory,Burnsides,28 Debra Lane,false
188,Arly,Blackey,95727 Stuart Lane,true
189,Dyann,Russel,7388 Pond Court,true
190,Francklin,Lomath,304 Carpenter Court,true
191,Virgil,Ege,4 Stone Corner Junction,false
192,Alexina,Jinkins,88067 Carpenter Center,false
193,Gabbey,Jehaes,5524 Ludington Junction,false
194,Francis,Braganza,49 Mitchell Point,false
195,Danit,Kensington,4 Gateway Hill,true
196,Lamar,Bardnam,329 Utah Trail,false
197,Roderic,Lyte,8838 Jackson Trail,true
198,Baudoin,Nary,1966 Jackson Road,true
199,Ermina,Blay,07 Spaight Place,true
200,Kay,Adcock,4312 Farragut Drive,false
201,Griffie,Cranstone,64 Jackson Drive,false
202,Noellyn,Bullas,236 Dahle Point,true
203,Zondra,Oboy,98 Kipling Junction,true
204,Callida,O'Keevan,7 Dapin Road,true
205,Haskell,Henken,19359 Marcy Crossing,true
206,Kari,Eich,20 Sutteridge Terrace,false
207,Annabell,Astridge,1050 Blackbird Terrace,false
208,Pate,Scoggins,4628 Tomscot Road,false
209,Idell,Tichelaar,16752 Jay Alley,false
210,Huntley,Druett,73280 Hoffman Park,false
211,Sancho,Stoile,4261 Caliangt Junction,true
212,Marijn,Neasham,043 Springview Avenue,true
213,Sloan,Ben,0103 Pierstorff Point,false
214,Benji,Sandars,18 Lerdahl Alley,true
215,Bay,Harkus,253 Melby Terrace,true
216,Alric,McKechnie,24 Loeprich Road,true
217,Janine,Tink,727 Farwell Street,true
218,Edwin,Cicullo,73 Hoard Junction,true
219,Fanchette,Bourne,700 Grayhawk Court,false
220,Matt,Foakes,92227 Clarendon Center,false
221,Alric,Station,8 Service Way,true
222,Reggis,Orr,84 Tennessee Street,false
223,Nonna,Volke,99 Scott Street,true
224,Janetta,Adrianello,24 Anderson Hill,true
225,Walker,Fillary,32 Laurel Point,true
226,Eleanora,Bredes,98209 Maple Place,true
227,Linda,Giabuzzi,042 American Ash Point,true
228,Brandi,Gerbl,0 Kingsford Center,true
229,Hurleigh,Ship,136 Morningstar Way,true
230,Rusty,Laborde,774 Ramsey Drive,false
231,Merrie,Solomonides,62 Homewood Lane,false
232,Ajay,Sheehy,910 Eagle Crest Court,false
233,Ronnie,Wyne,4 Arkansas Circle,true
234,Caddric,Hirjak,9125 Lukken Court,false
235,Pamela,MacAne,69 Beilfuss Plaza,true
236,Bailie,Ledley,106 Spaight Road,true
237,June,Cattow,47 Vernon Point,false
238,Breena,Maddyson,7 Nevada Place,true
239,Kelly,Brissenden,544 Merrick Street,true
240,Aile,Twopenny,92221 Bartillon Street,true
241,Annabel,Woolham,87 Maple Alley,false
242,Archibaldo,Pollett,4 David Alley,false
243,Rayner,Duly,506 Everett Court,true
244,Sergent,Praten,4484 Holy Cross Place,true
245,Mireielle,Deinhard,3 Green Junction,true
246,Eal,Lohde,33458 Fieldstone Junction,true
247,Tarrance,Darey,78 Sachs Junction,false
248,Alexi,Luckcuck,42 Fallview Pass,true
249,Bobine,Beszant,1 Corry Point,false
250,Massimo,Wane,4358 Hauk Point,true
251,Vassili,Chaperling,1119 Heath Court,false
252,Gipsy,Stower,828 Marcy Terrace,true
253,Cam,Boon,338 Leroy Terrace,false
254,Beltran,Roback,39352 Bultman Pass,false
255,Katleen,Seneschal,4262 Prairie Rose Place,false
256,Merle,Bromwich,30105 Walton Parkway,false
257,Boothe,O'Callaghan,86 Emmet Pass,false
258,Antonius,Wackley,641 Autumn Leaf Avenue,true
259,Milty,Avrahm,9223 Boyd Junction,false
260,Phyllida,Odom,9886 Thackeray Alley,true
261,Caria,Haslen,8 Sycamore Park,false
262,Holt,Spellicy,42 Carberry Avenue,false
263,Jobina,Petrescu,5691 Debra Drive,false
264,Benito,Siuda,51824 Superior Court,false
265,Adaline,Drysdall,6534 Dwight Court,false
266,Hinze,Ughelli,0 Monica Street,true
267,Lynde,McFadyen,6429 Melody Crossing,true
268,Vivyanne,Haffenden,842 Sunfield Drive,false
269,Rana,Flacke,1 Debs Alley,true
270,Chlo,Connichie,8067 Green Ridge Junction,false
271,Dex,Badsworth,195 Hanson Pass,false
272,Filippo,Woolrich,5231 Summer Ridge Crossing,false
273,Noami,Killingback,5 Muir Drive,true
274,Fredi,Godlee,946 Barnett Parkway,true
275,Shaun,Grigson,1 Pepper Wood Court,true
276,Renado,Hasel,97 Union Parkway,true
277,Clari,Doughton,567 Dorton Hill,true
278,Leonid,Wilce,5 Boyd Way,false
279,Berkie,Gehrtz,83383 Hollow Ridge Lane,false
280,Melonie,Davsley,052 Carioca Pass,false
281,Leigh,Levesque,87 Algoma Place,false
282,Winfield,Goadsby,5 Arizona Pass,false
283,Ezequiel,Pirrey,79362 Badeau Way,true
284,Saundra,Heintze,597 Cardinal Court,false
285,Homerus,Balding,79 Brentwood Court,false
286,Randene,Ticehurst,34956 5th Hill,true
287,Caron,Fessby,46 1st Street,true
288,Carmon,Fruchter,980 Di Loreto Plaza,false
289,Arabel,Hills,1055 Boyd Road,true
290,Stephine,Fenimore,0903 Schmedeman Lane,true
291,Bobbye,Kolodziejski,433 Mcguire Place,true
292,Charles,Cantillon,54255 Pearson Alley,false
293,Harmonia,Scutchin,91969 Steensland Crossing,false
294,Rosita,McAirt,8 Union Center,true
295,Dorthy,Risbie,6 American Terrace,true
296,Godard,Reinhardt,1561 Reindahl Lane,false
297,Petronilla,Kimbell,2 Kropf Terrace,false
298,Danni,Pritchett,647 Michigan Circle,true
299,Fania,Corser,1925 Delladonna Drive,true
300,Davide,Grayshan,26 Helena Avenue,true
301,Viv,Abramovicz,5333 La Follette Parkway,true
302,Jayme,Aldwich,052 Randy Pass,true
303,Loy,Maulkin,1 Bayside Parkway,false
304,Katrina,Kellick,353 Cordelia Parkway,true
305,Mella,Bretherton,6175 Eastlawn Lane,true
306,Madeline,Hindmore,911 Lien Hill,false
307,Kerri,Smalridge,7081 Browning Junction,false
308,Cam,Flooks,8171 Clarendon Court,true
309,Rahel,Gutsell,0 Marcy Hill,true
310,Annadiane,Snead,05751 Linden Junction,false
311,Robbin,Cleland,970 Petterle Center,false
312,Ryon,Archley,3 Aberg Junction,true
313,Stephenie,Itter,500 Pond Hill,false
314,Marcellus,Rivel,9 Colorado Park,true
315,Jerrine,Tregunnah,20 Continental Trail,false
316,Sunshine,Motten,014 Rutledge Pass,true
317,Emlyn,Rubinowicz,2403 Briar Crest Alley,true
318,Isadora,Brady,03 Linden Way,false
319,Christy,Autin,71825 Grover Terrace,false
320,Artur,McPherson,2 Eliot Circle,true
321,Hortense,Edens,634 Porter Park,true
322,Doria,Seyfart,8248 Marquette Court,true
323,Krista,Ackers,0 Doe Crossing Drive,true
324,Oates,Whitehorn,7645 Lindbergh Pass,false
325,Clary,Burner,2 Jenifer Crossing,false
326,Andrus,Burn,20 Eastlawn Plaza,true
327,Rod,Foxworthy,8 Bay Plaza,false
328,Haily,Letty,8 Butternut Park,false
329,Kessia,Matthesius,0896 Macpherson Way,true
330,Delilah,Gurden,0 Summerview Pass,false
331,Daven,Bims,2743 American Street,true
332,Rodina,Cloke,9183 Forster Parkway,false
333,Pegeen,Hovenden,4 Maple Parkway,true
334,Gram,Anker,711 Katie Crossing,true
335,Alfredo,Rebanks,10 Dapin Junction,false
336,Quentin,Siddon,709 School Trail,false
337,Penny,Carswell,0733 Warrior Park,false
338,Hedi,Garter,3 Golf Course Trail,false
339,Cecilia,Linthead,95 Mitchell Center,false
340,Darn,Verring,1608 Oxford Circle,false
341,Bron,Leatherborrow,451 Ohio Lane,false
342,Griz,Tolman,3451 Gulseth Lane,false
343,Aguie,Hassall,04 Larry Street,true
344,Rayna,Worwood,84 Park Meadow Road,false
345,Way,Blewis,502 Graedel Junction,false
346,Winfred,Stilldale,29909 Shelley Lane,false
347,Tabor,Fermoy,63036 Lotheville Alley,false
348,Alphonse,Corneliussen,45 Red Cloud Alley,true
349,Lotti,Bennen,736 Mendota Avenue,true
350,Field,Stanex,62 Anzinger Alley,true
351,Rica,Glazebrook,34 Summer Ridge Trail,true
352,Ladonna,Bolderoe,54511 Express Point,false
353,Ruthie,Fern,15 Jay Parkway,false
354,Addie,Matitiaho,9 International Circle,false
355,Lynnell,Candish,8710 Pankratz Court,true
356,Roselle,Helgass,31911 Dottie Center,false
357,Roderic,Popeley,177 Lillian Drive,false
358,Arlee,Carless,4 Dakota Pass,false
359,Margo,Partrick,9879 Mcguire Junction,false
360,Neddie,Lovegrove,355 Oriole Point,false
361,Cecilio,McGowan,66720 Sheridan Alley,true
362,Ferne,Rame,17 Farwell Junction,false
363,Gustavo,Cornely,59865 Logan Point,false
364,Johannes,Andrieux,96 Donald Way,false
365,Berke,Drissell,80920 Thackeray Parkway,false
366,Killian,Slorach,8 Lien Avenue,true
367,Crysta,Pawson,27 Bayside Alley,true
368,Kassi,Hathaway,2963 Doe Crossing Street,false
369,Gamaliel,Morten,420 Dwight Avenue,false
370,Horton,Jeggo,33 Shasta Center,false
371,Aleen,Scotti,55033 Dexter Crossing,true
372,Remington,Sallows,3 American Ash Parkway,true
373,Winnah,Wrightham,9 Bobwhite Court,true
374,Nancie,Hendrickson,4 Kinsman Pass,true
375,Rustin,Mercik,4 Sheridan Terrace,true
376,Brooke,Matthieson,1634 Hazelcrest Circle,false
377,Darbee,Schwanden,51 North Lane,false
378,Augie,St. Ledger,7 Darwin Road,false
379,Waylin,Brotherton,6 Ryan Parkway,false
380,Audie,Gannicleff,32 Maple Wood Park,true
381,Kati,Iannitti,1903 Spenser Street,true
382,Sinclair,Jillings,3071 Blaine Hill,false
383,Lonee,Casiroli,924 Towne Alley,false
384,Aggie,Dun,92613 Sunnyside Alley,false
385,Foster,Keep,7 Graceland Lane,true
386,Lotte,Hussey,9 Coleman Avenue,false
387,Arny,Vittery,09 Vernon Junction,true
388,Min,Rockhill,65994 Holmberg Alley,true
389,Prescott,Brookwell,1 Nancy Junction,true
390,Karol,Yarrington,948 Dapin Terrace,false
391,Alano,Mosedale,80255 Red Cloud Point,true
392,Tyrone,Dauber,938 Drewry Road,false
393,Ad,Ohlsen,38 David Alley,false
394,Fina,Ert,91547 Northfield Trail,true
395,Felipa,Deschlein,1 Eggendart Alley,true
396,Pammy,Giovanazzi,14 David Junction,false
397,Jordana,Saffon,2287 Gateway Alley,false
398,Adler,Marriage,698 Grover Parkway,false
399,Maudie,Barnardo,14433 Pepper Wood Junction,false
400,Nomi,Shadrach,8885 Tennyson Point,false
401,Griswold,Ruckert,10 Welch Plaza,false
402,Granthem,Sowle,6921 Michigan Way,false
403,Maxie,Ancell,423 Carberry Trail,true
404,Elbertina,Olczak,96307 Ronald Regan Drive,true
405,Darin,Musgrove,8 Stang Avenue,false
406,Ashlee,Pinchen,38 Russell Park,false
407,Dan,Arnet,90 Redwing Avenue,false
408,Amelie,Norvel,56526 Kinsman Pass,false
409,Karlotte,Cornelisse,8 Lake View Road,false
410,Marten,Wapple,266 Tennyson Hill,true
411,Carmita,Sighart,31154 Dixon Place,true
412,Eal,Bronger,1 Moland Plaza,false
413,Merrick,Slader,8345 Hanson Circle,false
414,Toma,January 1st,85049 Continental Alley,true
415,Jaquelin,Brew,469 Calypso Alley,true
416,Gabbie,Morby,74 Hanson Place,false
417,Ericka,Dybell,12507 Maple Park,true
418,Annemarie,Danilchev,384 Wayridge Terrace,true
419,Rosa,Shemwell,8 Lyons Park,false
420,Stormi,Deftie,1185 Mallory Court,true
421,Torin,Kinnach,2576 Eagan Parkway,true
422,Ekaterina,Le Surf,66761 Surrey Alley,false
423,Tobit,Nelane,24482 Gina Park,true
424,Erika,Kopfer,325 American Alley,false
425,Chas,Havelin,52 Bowman Road,false
426,Willie,Polleye,2268 Pleasure Terrace,true
427,Sallyann,Tomley,33 Oak Avenue,true
428,Dell,McKie,995 Farwell Plaza,true
429,Kikelia,Torbet,0 Stoughton Court,false
430,Gusta,Yashanov,76637 Springview Lane,true
431,Noelani,Mash,232 Pleasure Drive,false
432,Cecilla,Dyter,34 Ryan Road,false
433,Moritz,Logsdail,189 Forest Dale Circle,false
434,Franni,Klulik,2 Sunfield Way,false
435,Jeremie,Berryman,28263 Bluejay Avenue,true
436,Roderich,Harmeston,5 Grayhawk Park,false
437,Kippie,Carling,79874 School Drive,true
438,Fraser,Davidzon,4050 Dixon Point,false
439,Maryl,Ancliffe,7 Quincy Park,false
440,Jerrylee,Nicely,3040 8th Street,false
441,Bertrand,Northcliffe,6128 Butternut Place,true
442,Abra,Ewen,683 Pankratz Circle,true
443,Udale,Elstob,91659 Prairieview Road,false
444,Ula,Daburn,113 Crownhardt Hill,false
445,Alethea,Millery,59960 Tomscot Center,false
446,Lauren,Beaze,21 Melrose Pass,true
447,Lionel,Atcherley,35 Scofield Plaza,false
448,Mortimer,Hinchon,5222 Merchant Hill,false
449,Paloma,Jurick,65 2nd Trail,false
450,Emmi,Kalb,83 Coolidge Park,true
451,Laurent,Trymme,04 Marquette Avenue,true
452,Bordie,Courcey,7826 Bayside Way,false
453,Kiele,Arndtsen,181 Miller Junction,false
454,Cleavland,Baseggio,80612 Crescent Oaks Plaza,false
455,Jeanna,Aherne,1935 Hanson Trail,false
456,Sherye,Dubery,295 Muir Trail,false
457,Dulciana,Woolmington,5 Northland Place,true
458,Ingar,Moberley,3571 Ridge Oak Way,true
459,Elyn,Roston,68 Buell Court,true
460,Hillyer,Jillard,89202 Blaine Point,true
461,Angie,Randall,0 Kipling Center,true
462,Catarina,Collyer,50 Hollow Ridge Parkway,false
463,Norrie,McMorland,1532 Kim Lane,false
464,Terrill,Warkup,925 Corry Pass,false
465,Iseabal,Vasilenko,5 Bartillon Center,true
466,Tony,Kettlewell,954 Nobel Alley,true
467,Yorgo,Knutton,27 Jenna Parkway,true
468,Kizzee,Gummer,83 Pearson Circle,true
469,Dexter,Stonall,870 Golden Leaf Street,true
470,Gan,Preon,91 Thompson Way,true
471,Anthea,Gilstin,151 Mcbride Road,false
472,Camellia,Dunkerk,03 Melody Road,true
473,Abe,Irons,98 Dexter Plaza,true
474,Pansie,Seater,400 3rd Junction,false
475,Mara,Gandy,48952 Westerfield Park,true
476,Cal,Morrissey,82 Division Center,true
477,Aeriell,Margeram,92059 American Terrace,false
478,Dulcine,Sidebotton,54 Browning Road,false
479,Kendricks,Knights,11 Oak Valley Place,false
480,Vivia,Kliment,6750 Truax Place,true
481,Dorine,Whitehouse,23670 Thompson Parkway,true
482,Page,Free,794 Almo Center,false
483,Jaimie,Urlich,5 Montana Street,true
484,Loralie,Tee,01539 Clyde Gallagher Way,false
485,Evanne,Daulby,4629 Mifflin Point,true
486,Maribeth,Halbord,4494 Forster Drive,false
487,Clyve,Haseman,5558 Hanson Way,true
488,Merola,Dane,8204 Dryden Plaza,true
489,Marika,Arnaudin,0 Northport Pass,true
490,Filia,Turvey,0 Forster Center,false
491,Esta,Paulot,3624 4th Street,false
492,Enoch,Orteau,716 Lake View Street,false
493,Sharai,Cornelisse,46216 Erie Road,true
494,Marne,Bradbrook,05985 Dexter Lane,false
495,Brigid,Maestrini,4724 Basil Pass,true
496,Ina,Duchenne,8485 Transport Park,false
497,Halie,Apfelmann,771 Onsgard Terrace,false
498,Chickie,Lanchester,34 Springs Plaza,false
499,Yorgos,Daniellot,81 Hoard Trail,false
500,Angelina,Ullyott,28216 Dwight Place,true
501,Kathi,Hurdedge,359 Lawn Road,false
502,Veronique,Dublin,48 Golden Leaf Plaza,true
503,Clemence,Jirus,27 Di Loreto Alley,false
504,Willy,Guilbert,899 Springs Terrace,true
505,Dave,Primak,790 Commercial Court,true
506,Ailyn,Perfect,3282 Blue Bill Park Junction,false
507,Matthew,Wabey,47593 Heath Lane,true
508,Leila,Stitt,982 Dorton Avenue,false
509,Garnet,Mundee,3550 Thackeray Pass,true
510,Bret,Scambler,45 Schurz Pass,false
511,Vidovik,Kidds,461 Summer Ridge Park,false
512,Darrell,Djekic,464 Stoughton Crossing,false
513,Alix,Bashford,5 Mendota Parkway,true
514,Anastasia,Barker,1 Roxbury Street,false
515,Jemimah,Gromley,25932 Aberg Alley,false
516,Bennett,Stigell,37042 Veith Avenue,false
517,Rufus,Bradly,8 Packers Drive,false
518,Beret,Stringfellow,555 Cascade Center,true
519,Corliss,Posnette,7 Steensland Pass,false
520,Yevette,Voules,7976 Pearson Lane,true
521,Ragnar,Spittle,31 Schurz Terrace,true
522,Zared,Wallenger,85 Michigan Parkway,true
523,Arda,Dorsey,5 Nobel Way,true
524,Dehlia,Kenyon,736 Acker Terrace,true
525,Preston,Hammill,133 Dorton Junction,true
526,Brade,Breffitt,5 Lakeland Drive,true
527,Laura,Rimour,557 Golf View Court,false
528,Buiron,Nairns,0 Macpherson Way,true
529,Jelene,Halton,63 Claremont Circle,true
530,Fredek,Leckey,7955 Golden Leaf Trail,false
531,Nadiya,Mangeney,4584 Victoria Avenue,false
532,Rube,Taree,1 Messerschmidt Crossing,true
533,Lelia,MacCarter,527 Lillian Trail,true
534,Sherry,Esom,0 Sutherland Circle,false
535,Natala,Olivier,338 Montana Parkway,true
536,Cassandry,Fearby,9 Northport Road,true
537,Carlye,Balden,30488 Moland Court,true
538,Orlando,Tedahl,17017 Laurel Plaza,false
539,Ricardo,Nursey,9737 Prairie Rose Lane,false
540,Hill,Mourton,2 Northfield Drive,false
541,Rafaelita,Clemetts,7 Londonderry Parkway,false
542,Alie,Munks,30 Macpherson Court,true
543,Tiphany,Lumsdale,32445 Hintze Terrace,true
544,Otto,Whittock,68 Kropf Lane,true
545,Simonne,Deveril,31 Green Center,false
546,Davin,Barendtsen,44 Darwin Trail,true
547,Pippa,Idel,39 Forest Parkway,false
548,Cristi,Poles,3 Swallow Terrace,true
549,Astrix,Olphert,6 Corben Circle,false
550,Trula,Aleksashin,75226 Service Way,false
551,Tate,Signorelli,08432 Morning Pass,false
552,Lanae,Farady,0874 John Wall Junction,false
553,Regina,Robe,287 Paget Hill,false
554,Willa,Mannix,4 Rusk Way,false
555,Cicely,Costerd,37 Melby Terrace,false
556,Petr,Levinge,45 Hoepker Avenue,false
557,Welch,Dowse,8 Welch Place,false
558,Carolyn,Kightly,661 Raven Road,false
559,Yardley,Pilipyak,93 Northland Street,false
560,Crin,Nipper,910 Scott Road,true
561,Dolli,Byre,3562 1st Point,true
562,Amye,Kavanagh,70617 Meadow Vale Street,true
563,Rosemonde,Duinkerk,6511 Dryden Lane,true
564,Joellen,Hawthorn,1 Buena Vista Court,true
565,Lilli,Syson,70924 Mayer Avenue,false
566,Clerkclaude,Filipychev,324 Arkansas Point,true
567,Tiebold,Smalcombe,986 Mitchell Street,true
568,Clementine,Thornborrow,0 Kensington Court,true
569,Jacki,Giorio,755 Golf View Lane,false
570,Petronella,Hanburry,897 Garrison Street,true
571,Reena,Getty,1350 Sage Plaza,true
572,Fernando,Merryfield,20207 Meadow Valley Alley,false
573,Joanne,Longland,567 Luster Avenue,false
574,Karlyn,MacDaid,816 Mcbride Point,false
575,Loni,Wraith,4159 Old Shore Way,true
576,Barton,Dabell,35268 Kipling Alley,false
577,Marrilee,Lording,96 Center Lane,true
578,Auguste,Blade,275 Rieder Avenue,false
579,Antonie,Libri,143 Columbus Way,true
580,Merna,Bourdas,1324 Bobwhite Way,true
581,Carmita,Guiton,064 Sloan Place,true
582,Korney,Meadows,8604 Dunning Road,false
583,Jory,Killeen,66 Fremont Street,true
584,Clem,Martensen,9 Macpherson Parkway,false
585,Wilma,Fenner,16 Springview Point,false
586,Travus,Van Castele,6 Manufacturers Crossing,false
587,Stevy,Mungan,3 Corry Trail,false
588,Lammond,Swinbourne,4 Oakridge Hill,false
589,Josephine,McAuslene,357 Sommers Street,false
590,Miguelita,Gajownik,892 Bultman Park,false
591,Misti,Van der Linde,70 Lakewood Place,false
592,Haydon,Cocher,92 Sunfield Place,false
593,Felipe,Osgarby,53641 Messerschmidt Court,false
594,Tandie,Talloe,046 Thierer Junction,true
595,Marv,Argrave,168 Nancy Center,false
596,Morse,Wadge,290 Aberg Alley,false
597,Charmane,Banbrick,9 Havey Street,false
598,Christean,Lowen,07095 Bowman Road,false
599,Nikita,Minget,0 Bluejay Terrace,true
600,Daveta,Bonfield,081 Hazelcrest Avenue,false
601,Ives,Johnstone,28896 Bunting Lane,true
602,Robinet,Pyer,90937 Darwin Center,false
603,Devi,Westnage,19 Mcguire Point,false
604,Cindie,Kees,97 Rowland Circle,false
605,Gerald,Greedyer,45 1st Place,true
606,Edwin,Flacknoe,008 Shopko Pass,true
607,Geri,Cashin,1415 Anhalt Lane,true
608,Enrico,Dudenie,41533 Ridgeview Crossing,false
609,Lawrence,Walkington,045 Sunnyside Pass,false
610,Erick,Raddan,52830 American Hill,true
611,Farra,Bullivant,40 Nova Court,true
612,Anni,Byway,3 Fulton Road,true
613,Emanuel,Screaton,618 Continental Trail,true
614,Nicky,Rivenzon,131 Loftsgordon Court,false
615,Kordula,Crannach,7 Laurel Terrace,true
616,Laraine,Fink,5 Marcy Court,true
617,Wandie,Mimmack,80901 Barnett Plaza,false
618,Toby,Eagland,1229 Myrtle Avenue,false
619,Trina,Harlowe,3 Reinke Circle,true
620,Kessiah,Connelly,17280 Dunning Pass,true
621,Joela,Nerney,62 Scott Terrace,false
622,Laurel,Renison,7607 Hanson Drive,false
623,Isaak,Chesnay,01844 Bellgrove Way,true
624,Birdie,Handsheart,42 Sachs Pass,false
625,Yehudi,Stening,5334 Scofield Alley,false
626,Redford,Bruniges,3677 Kedzie Trail,true
627,Rozella,Chene,73003 Burrows Court,true
628,Ansel,Artinstall,33 Hallows Alley,false
629,Antonia,Rodenburgh,08083 Golf Course Pass,true
630,Kiele,Duchan,7833 7th Hill,false
631,Neala,Tellenbach,1614 Thackeray Crossing,false
632,Maggi,Ranyelld,942 Washington Crossing,false
633,Darice,Hewkin,12 Colorado Drive,true
634,Ives,Werndly,4994 Sunbrook Terrace,true
635,Filmore,Heisman,52 Carberry Road,false
636,Aline,Beaton,853 Orin Street,true
637,Gretchen,Ateggart,3 Holy Cross Center,false
638,Jodi,Sibun,7 Grover Hill,false
639,Stanford,Stivey,6297 Roth Parkway,false
640,Sela,Cotherill,944 Monument Way,true
641,Sutherlan,Bernollet,92024 Bay Road,false
642,Antonina,Yeabsley,190 Carey Road,false
643,Benjamin,Biskupiak,57444 Donald Hill,false
644,Lonna,Heatly,0190 Chive Hill,true
645,Iseabal,Haughin,40743 Onsgard Junction,true
646,Salaidh,Rolse,05 Hintze Parkway,false
647,Drusi,Dowdeswell,2 Bay Center,false
648,Robby,Oxx,805 Cordelia Way,true
649,Tommy,Haversham,25262 Redwing Avenue,false
650,Biddy,Emson,86284 Corben Pass,true
651,Kelby,Winear,7 Sachs Center,false
652,Jolyn,Catteroll,6 Stone Corner Pass,true
653,Crissie,Sizeland,38 Lukken Road,false
654,Erv,Wilmore,3612 Schiller Lane,false
655,Elladine,Ackerley,00992 Bay Point,true
656,Andras,Munford,68 Roxbury Place,false
657,Issiah,Joao,881 Grayhawk Trail,true
658,Nedda,Godlonton,08 Mockingbird Trail,true
659,Salomo,Knottley,96752 Chinook Lane,true
660,Larisa,Abramovic,66 Brickson Park Drive,true
661,Beatrisa,Myford,845 Packers Alley,true
662,Everett,Wickes,2140 Loftsgordon Junction,false
663,Alison,Renner,94 Hayes Junction,false
664,Dionysus,McCrory,65 Stuart Plaza,false
665,Winfred,Garbett,083 Pine View Park,false
666,Marylou,Grishelyov,0386 Carioca Way,false
667,Cyrus,Tumilson,59 Raven Crossing,false
668,Bronson,Mailey,6427 Rigney Crossing,false
669,Sybyl,Biasini,89795 Loomis Hill,false
670,Carney,Ambroisin,45 Village Green Parkway,false
671,Maxy,Ciobotaru,9 Golf Course Parkway,true
672,Anallese,Mateiko,9016 Sycamore Parkway,true
673,Isacco,Farrent,76312 Everett Circle,true
674,Morgun,Boat,99358 Center Junction,false
675,Ebonee,Quilkin,40025 Pond Hill,false
676,Halimeda,Matura,5034 Independence Avenue,false
677,Cos,Kuhnel,205 Fair Oaks Way,false
678,Aveline,Pidgeon,5109 Hayes Avenue,true
679,Bertrand,Freiburger,860 Westridge Junction,true
680,Domeniga,Willshire,82249 Mallard Point,true
681,Amelia,Brighouse,50 Sundown Center,true
682,Stormie,Bracer,85 Gale Drive,true
683,Adey,Mold,5517 Cody Street,true
684,Wendye,Piercy,2 Shelley Junction,true
685,Helge,Deeney,01 Barby Lane,true
686,Jerrylee,Godbold,5724 Barnett Circle,true
687,Salvidor,O'Crigane,794 Del Mar Avenue,false
688,Alphonso,Eates,3 Homewood Terrace,true
689,Lira,Bogeys,3239 Ridgeview Crossing,true
690,Siusan,McFadin,2774 Tony Point,false
691,Babbie,Schult,67 Dorton Street,false
692,Caro,Denney,453 Forest Place,true
693,Derwin,Ducket,3621 Farmco Pass,false
694,Nicolina,Madders,8412 Oneill Way,false
695,Fulton,Keningley,7 Summit Parkway,false
696,Wait,Yerborn,278 Linden Court,false
697,Freemon,Walewicz,843 Fair Oaks Street,true
698,Edie,Calveley,67 Derek Pass,true
699,Devonne,Tomasicchio,5721 Menomonie Center,false
700,Eden,Tuiller,64 Melvin Alley,false
701,Chase,Bilby,3414 Pawling Road,true
702,Oralia,Skellion,1257 Anderson Terrace,true
703,Rog,Olner,9 Manufacturers Parkway,true
704,Ericha,Henlon,3690 Roth Point,true
705,Nollie,Noone,129 Miller Circle,false
706,Vilhelmina,Kybert,9600 Luster Avenue,false
707,Garvey,Bitterton,9922 Nancy Drive,true
708,Lavinie,Boyen,488 Roth Lane,true
709,Judi,Dutch,5991 Fair Oaks Court,true
710,Giuseppe,Dykins,814 Lunder Center,true
711,Victor,Rivelon,8679 Independence Junction,false
712,Val,Scripps,574 Linden Terrace,false
713,Nat,Jarvis,9 Old Shore Avenue,false
714,Garald,Ferrao,740 Lindbergh Court,true
715,Charmaine,Domenget,805 Doe Crossing Alley,true
716,Prue,Sartain,394 Hayes Court,true
717,Carolyn,Dudman,589 Almo Pass,true
718,Garvin,Berrick,8103 Porter Park,false
719,Townie,Syrett,044 Vahlen Pass,false
720,Clywd,Jills,58717 Delaware Junction,true
721,Frannie,Jouhandeau,5223 Eagan Pass,false
722,Emalee,Epgrave,4 Nancy Avenue,true
723,Harry,Blanking,606 Homewood Crossing,false
724,Gothart,Wise,7123 Kings Road,true
725,Wesley,Dyzart,351 Garrison Avenue,false
726,Erica,Brodeur,35 Shoshone Point,false
727,Savina,Ingle,7757 Maywood Road,false
728,Oberon,Sheddan,0 Stone Corner Point,true
729,Townie,Northgraves,1 Gulseth Crossing,false
730,Danica,Plumtree,9805 Luster Point,false
731,Vic,Madre,04064 Summit Court,true
732,Kristan,Worpole,07376 Luster Pass,false
733,Lanny,Greenley,464 Rutledge Point,true
734,Simonne,Ottery,5 Chive Alley,true
735,Margarette,Stokell,91 Manley Plaza,true
736,Papageno,Perazzo,056 Buell Trail,false
737,Jeremie,Unsworth,34840 Gulseth Alley,true
738,Sherman,Kempstone,6 Badeau Terrace,true
739,Agna,Maginot,78 Mallory Plaza,true
740,Rochell,Yekel,571 Annamark Pass,false
741,Cammi,McLucas,3346 Elgar Alley,false
742,Zita,Ewbanck,6 Nevada Alley,false
743,Tania,Parish,9 Schlimgen Trail,true
744,Constantine,Flewett,09 Twin Pines Center,false
745,Bald,Mum,038 Ronald Regan Lane,false
746,Margery,Sharpe,80 Milwaukee Hill,false
747,Dedie,Barham,11 Autumn Leaf Avenue,true
748,Valma,Gaitskill,9 Talmadge Hill,true
749,Roarke,Seward,8563 Oakridge Court,false
750,Eliza,Leeburne,7471 Red Cloud Place,false
751,Sarita,Cotsford,861 Sachs Avenue,false
752,Ellyn,Wannes,3 Homewood Pass,false
753,Byrom,Standidge,20 Harper Place,false
754,Stanislas,Baptista,087 Pearson Avenue,true
755,Marysa,Cotterel,454 Hollow Ridge Junction,false
756,Trixy,Darycott,9337 Cody Way,false
757,Ruth,Swains,6195 Mandrake Drive,true
758,Normy,Gonnel,25523 Swallow Parkway,false
759,Early,Gabites,7925 Maryland Avenue,true
760,Amelita,Cattonnet,61221 5th Place,false
761,Chiquia,Pagin,357 Del Mar Place,true
762,Cathrine,Ransley,1 Messerschmidt Street,false
763,Leta,Mapes,5720 Hoepker Hill,true
764,Lark,Mitcheson,97 Butternut Place,true
765,Shirl,Klemt,90 Elgar Plaza,false
766,Hersh,Simononsky,7 Carioca Lane,true
767,Amii,Korneichuk,6 American Ash Trail,false
768,Myrle,Godball,8 Rieder Street,true
769,Vida,Heliot,3763 Talisman Center,false
770,Cullan,Ludl,4 Pearson Drive,true
771,Orton,Romaint,238 Sutherland Street,true
772,Andee,Suermeier,19929 Monterey Alley,true
773,Pierce,Spear,7722 Esker Place,true
774,Cornie,Straneo,2 Bashford Road,false
775,Rhys,Fice,2 Nobel Lane,true
776,Tamarah,Greedyer,141 Randy Way,true
777,Amitie,Janovsky,2 Warbler Place,true
778,Basile,Burdon,48 Toban Road,true
779,Iago,MacLeese,9539 Canary Center,false
780,Cordelie,Carle,6153 Grim Center,true
781,Prue,MacFadzean,238 Shelley Junction,false
782,Reyna,Daile,078 Green Crossing,true
783,Cynthia,Sooper,85 Sheridan Road,false
784,Ernest,Beardall,360 Burrows Lane,false
785,Renae,Earwicker,025 Union Point,true
786,Conrade,Neenan,940 Lerdahl Point,false
787,Isabel,Alexsandrowicz,8 Eggendart Hill,true
788,Lauritz,Bertwistle,87316 Kim Park,true
789,Flinn,Jindrich,235 Becker Circle,false
790,Rosalie,Fasham,4281 Holy Cross Hill,false
791,Carmelina,Hofer,9 High Crossing Circle,false
792,Fitzgerald,Grishagin,5 Emmet Trail,false
793,Reggie,Becraft,35570 Briar Crest Drive,false
794,Nathalia,Piggins,3 Hovde Parkway,true
795,Blayne,Polotti,726 Granby Drive,false
796,Ches,Coule,8 Norway Maple Trail,false
797,Charlotte,McMains,80 Dahle Point,false
798,Dwight,Mattevi,89 Bonner Pass,true
799,Caitlin,Mora,2 Riverside Drive,true
800,Margery,Hamill,60042 Ohio Terrace,false
801,Dyanna,Sainsberry,55 Meadow Valley Court,false
802,Teddi,Edelmann,39272 Victoria Hill,false
803,Marjie,Cristol,84984 Donald Trail,false
804,Keslie,Whitehall,6997 Chive Place,true
805,Wenonah,Bust,0 International Place,true
806,Mill,Mackett,37 Kensington Road,true
807,Arturo,Godehard.sf,3304 1st Crossing,true
808,Leticia,Pietrowski,564 Holmberg Trail,true
809,Jessie,Meneyer,37658 Mariners Cove Drive,true
810,Lonnie,Doul,3223 Thierer Avenue,true
811,Jillian,Shetliff,482 Moulton Point,true
812,Devan,Ridsdale,64100 Warbler Avenue,false
813,Hedvige,Bardwell,2186 Mayer Alley,true
814,Cointon,Stiebler,3089 Dapin Park,false
815,Ky,Skakunas,1 Londonderry Court,true
816,Sherlocke,Hawkin,1412 Duke Hill,true
817,Norina,Appleford,2 Judy Pass,true
818,Alair,Vockings,54853 Jenifer Lane,false
819,Elvina,Maile,16 Westend Trail,true
820,Lula,Wordesworth,25797 Nova Center,true
821,Cybil,Debrett,54708 Washington Hill,false
822,Sheeree,Shaylor,80337 Forster Crossing,true
823,Shermie,Klauer,0 Green Ridge Plaza,false
824,Annamarie,Wrennall,18804 Morningstar Park,true
825,Hendrick,Lockart,1982 Gale Court,false
826,Van,Wyson,375 Stuart Hill,true
827,Earl,Ennals,38728 Mendota Center,true
828,Nev,Purviss,5 7th Parkway,true
829,Riccardo,Sambell,70 Mallory Drive,true
830,Sherwynd,Ellissen,03 Stoughton Avenue,false
831,Maud,Devericks,842 Drewry Court,true
832,Fayina,Scardafield,6 Hooker Pass,true
833,Wilfred,Brandino,2 Stoughton Parkway,false
834,Athena,Sarfass,4291 Vernon Road,true
835,Myca,Godwin,45141 Independence Hill,false
836,Lurette,Stacey,69195 Hallows Terrace,true
837,Sallee,Kimmince,707 West Terrace,true
838,Carling,Rallings,5 Corry Hill,false
839,Ofelia,Webling,17821 Riverside Terrace,true
840,Tish,Mynott,2 Kedzie Pass,true
841,Callie,Simmons,1 Commercial Avenue,false
842,Annemarie,Charge,6 Sheridan Point,false
843,Theodoric,Narramore,51520 Jay Lane,false
844,Donelle,Craven,47708 Michigan Parkway,false
845,Moise,Gibling,67 Jenifer Terrace,false
846,Lidia,Joint,90 Claremont Junction,true
847,Hermina,Jakuszewski,491 Elka Road,true
848,Johan,Shemmans,774 Summer Ridge Hill,true
849,Tasia,Arnaut,075 Farwell Place,false
850,Lars,Grafton-Herbert,60 New Castle Road,true
851,Ddene,Sessions,4 Upham Pass,true
852,Dari,Weinham,0951 Fordem Way,true
853,Allen,Marskell,41 Hanover Street,true
854,Duncan,Polini,11520 Waxwing Hill,true
855,Emelen,Flement,4053 Ilene Junction,false
856,Pippa,Neem,7587 Moose Junction,false
857,Lauritz,Grishukhin,61 Pankratz Point,false
858,Fleur,Hairyes,3 Paget Street,true
859,Maurine,Alfonsini,292 Sutherland Trail,true
860,Marcela,O'Neal,5410 Eastwood Park,false
861,Sibeal,McDade,22321 Michigan Drive,false
862,Dave,Oldford,2769 Sycamore Parkway,true
863,Gradey,Loughman,1 Hansons Road,false
864,Kinny,Egger,0643 Iowa Junction,false
865,Cos,Tatlowe,7383 Arizona Lane,false
866,Chaddie,Donne,38 Westport Court,false
867,Whitaker,Mallion,47 Reindahl Terrace,false
868,Julienne,Blaine,93993 Dovetail Park,false
869,Dorise,McPhelimey,9856 Porter Road,false
870,Monti,Fluin,0 Riverside Lane,true
871,Elmo,Laborda,66659 Nancy Terrace,false
872,Josefa,Bordis,72 Continental Avenue,true
873,Elnar,Ladlow,17 Graceland Terrace,false
874,Daune,Reck,71 Monica Trail,false
875,Millie,Arp,93 Veith Pass,false
876,Salli,Fandrey,24 Crescent Oaks Avenue,false
877,Isadora,Gladhill,0731 Northfield Trail,false
878,Eldin,Castelijn,522 Charing Cross Plaza,true
879,Jewell,Sappson,757 Homewood Parkway,true
880,Stephani,Ferminger,1 Melby Point,true
881,Cayla,Pethick,1201 Sycamore Alley,true
882,Hurlee,Feldon,0 Bluejay Junction,true
883,Olga,Simonin,388 Orin Trail,true
884,Nedi,Finlater,7530 Bunker Hill Plaza,false
885,Haydon,Vischi,09 Holmberg Terrace,true
886,Witty,Giacovelli,99710 Upham Road,true
887,Jamil,Chesterman,425 Cascade Crossing,true
888,Fannie,Miguet,3 Park Meadow Avenue,true
889,Tam,Roloff,5 Kipling Lane,true
890,Oren,Tenant,0274 Northview Point,true
891,Pat,Softley,531 Westerfield Crossing,true
892,Abbe,Stidworthy,338 Lerdahl Drive,true
893,Al,Antyshev,11 Iowa Circle,true
894,Stephi,Jervois,0 Roth Avenue,true
895,Honoria,Lumox,0790 Straubel Avenue,true
896,Hallie,Domelow,426 Golf Park,false
897,Thorin,Houltham,66 Amoth Point,false
898,Harriott,Agney,6415 Meadow Ridge Street,true
899,Olin,Bontine,30 Briar Crest Lane,true
900,Kevin,Hens,3 6th Pass,false
901,Kris,Giovannelli,9120 Daystar Terrace,true
902,Mandi,McCormick,5 Anderson Parkway,true
903,Beniamino,Bolderson,3245 Northland Pass,false
904,Sal,Sowerby,302 Sauthoff Plaza,true
905,Gayle,Holborn,33 Monterey Drive,false
906,Lu,Dhillon,00 Rutledge Parkway,true
907,Cross,Mozzetti,6126 Stuart Avenue,true
908,Marley,Klainer,63 Hudson Terrace,true
909,Ailsun,Varty,7 Dovetail Avenue,false
910,Mignon,Jeays,6 Muir Place,false
911,Kerry,Kalinke,1233 Oxford Place,false
912,Orrin,Ormrod,8 Kedzie Circle,true
913,Cheslie,McCrostie,722 Sunbrook Court,true
914,Theobald,Abramowsky,3276 Riverside Lane,false
915,Mada,Raysdale,92487 Mcguire Trail,true
916,Barty,Targett,0459 Fairview Pass,true
917,Reidar,Yeldham,8111 Heath Plaza,false
918,Emogene,Fevier,15 Continental Street,true
919,Conni,Wimpeney,46 East Point,true
920,Georgina,Godsmark,19650 Kings Point,true
921,Gwyneth,Hensmans,1 Macpherson Point,true
922,Ainsley,Antonetti,818 6th Place,true
923,Huntington,Meo,6516 Monica Lane,true
924,Maire,Yerrell,30597 Mandrake Street,true
925,Basilio,Jozef,724 Melvin Alley,false
926,Brooke,Clutterbuck,59 Buell Street,false
927,Loydie,Rowberry,98 Village Plaza,false
928,Sigfrid,Vannucci,9105 Trailsway Way,true
929,Mariellen,Godain,1 Pennsylvania Place,true
930,Bryn,Bathoe,73709 Warbler Junction,false
931,Ulrikaumeko,Kigelman,84306 Chinook Center,false
932,Doyle,McReedy,24 Crest Line Plaza,true
933,Dotty,Ambrosetti,17 Rockefeller Road,false
934,Elisabet,Gull,7474 Anhalt Crossing,false
935,Bryce,Lotze,80 Shoshone Court,true
936,Jaclin,Rosenhaus,9 Evergreen Parkway,false
937,Tuckie,Paule,54 Dwight Hill,true
938,Ly,Currington,25 Thackeray Lane,true
939,Sibby,Danilin,15363 Everett Junction,true
940,Meaghan,Sawood,501 Harper Avenue,true
941,Amalea,Gianninotti,033 Grim Road,false
942,Shayne,Ashbey,6 Mockingbird Court,true
943,Lisabeth,Kegan,75 Buena Vista Crossing,false
944,Denni,Tockell,10 Magdeline Point,false
945,Sigismundo,Meffan,37725 Armistice Street,false
946,Jeromy,Dyke,70193 Waxwing Avenue,true
947,Rhetta,Bubear,541 Manitowish Junction,true
948,Valentine,Tolomelli,43065 Nevada Way,true
949,Nelson,Langsdon,9782 Green Center,true
950,Bert,Langdridge,0570 Lighthouse Bay Place,false
951,Ezra,Hewson,338 Hermina Trail,false
952,Nevile,Laxton,6406 Cambridge Lane,true
953,Brinn,Prose,7453 Dakota Park,true
954,Delphine,Dillow,07355 Jenna Road,true
955,Paxton,Liepins,21 Utah Terrace,false
956,Chicky,Rafferty,4448 Sommers Trail,true
957,Aeriela,Stilling,032 Walton Point,true
958,Rosanne,Morsey,7708 Lawn Center,false
959,Amelie,Iannetti,5 Buena Vista Way,false
960,Hayward,Cregin,154 Rockefeller Court,true
961,Alastair,Witham,945 Fair Oaks Pass,false
962,Alister,Walaron,6410 Kedzie Avenue,true
963,Demetris,Gladdifh,284 Del Mar Parkway,false
964,Drew,Kingsley,86 Old Gate Parkway,false
965,Bobette,McMeekan,050 Kropf Crossing,false
966,Tillie,Thomkins,31 Riverside Street,false
967,Warden,O'Shesnan,251 2nd Junction,false
968,Andres,Koppens,7671 Londonderry Crossing,true
969,Pryce,Pinnington,43 Anzinger Way,false
970,Rasla,Gosnay,4 Pond Junction,false
971,Linzy,McFarlane,56652 Parkside Point,false
972,Jsandye,Morad,17891 Dottie Trail,false
973,Raoul,Cicculi,0 Grim Terrace,false
974,Barbara,Tunbridge,7 Darwin Junction,true
975,Fredra,Maren,44 Hoard Court,true
976,Jaquith,Dedmam,84 Bartillon Hill,true
977,Angie,Palfree,2262 Summit Parkway,false
978,Eilis,Batter,8 Clyde Gallagher Plaza,true
979,Roxine,Gabbot,3 Havey Junction,true
980,Desmund,Bydaway,40034 5th Place,false
981,Odelle,Bellefonte,9 Spenser Court,false
982,Ealasaid,Petlyura,43290 Scott Center,false
983,Aurel,Downes,092 Lawn Pass,true
984,Itch,Manneville,54153 Novick Place,false
985,Britteny,Danilovic,3 Sachtjen Alley,true
986,Danyelle,Yielding,4 Westerfield Avenue,true
987,Weber,Gallgher,52942 Jay Terrace,false
988,Christen,Moggach,072 Melody Center,true
989,Reynolds,Klain,62 Holy Cross Pass,true
990,Saleem,Mackieson,3 Sutteridge Plaza,true
991,Roselle,Keri,3 Steensland Place,true
992,Nina,Stubbings,410 Eagan Trail,true
993,Yvor,Tschersich,3 Southridge Parkway,false
994,Standford,Buzin,30 Center Crossing,true
995,Maje,Stillmann,65752 Ryan Point,false
996,Shir,Antonomolii,47101 Northfield Trail,false
997,Huntington,d' Eye,98413 Lunder Drive,true
998,Karola,Mobley,11443 Paget Avenue,true
999,Leanor,Shand,5 Morning Road,true
1000,Emlynn,Baumadier,7 Dexter Park,false
