number,name,price
1,"Ham - Smoked, Bone - In",365.27
2,Plums - Red,862.38
3,Lamb - Shoulder,564.27
4,Sour Puss Sour Apple,615.61
5,Potatoes - Idaho 100 Count,889.76
6,Juice - Apple 284ml,943.18
7,"Mushroom - Shitake, Fresh",718.06
8,Snails - Large Canned,881.35
9,"Soup - Campbells, Spinach Crm",54.36
10,"Chicken - White Meat, No Tender",356.63
11,Lid - 0090 Clear,711.2
12,Bread - Sour Sticks With Onion,407.57
13,Icecream - Dstk Super Cone,343.96
14,Wine - Magnotta - Pinot Gris Sr,120.62
15,Fond - Neutral,275.74
16,"Soup - Knorr, Classic Can. Chili",587.55
17,Cake Sheet Combo Party Pack,677.3
18,Pasta - Agnolotti - Butternut,152.91
19,Pork - Bones,921.34
20,Appetiser - Bought,226.95
21,Tuna - Loin,857.64
22,Sprouts - Pea,772.68
23,Wine - Spumante Bambino White,985.58
24,Catfish - Fillets,822.65
25,Beer - Muskoka Cream Ale,342.14
26,"Beef - Cooked, Corned",843.81
27,General Purpose Trigger,848.22
28,Smoked Tongue,800.23
29,Rye Special Old,306.99
30,Tomato Puree,61.91
31,"Soup - Campbells, Minestrone",936.18
32,Maintenance Removal Charge,767.38
33,Juice - Orange,307.43
34,Lettuce - Sea / Sea Asparagus,990.26
35,Sauce Tomato Pouch,263.64
36,Anchovy In Oil,217.88
37,Mangoes,999.09
38,Aspic - Clear,403.19
39,Pork - Shoulder,246.24
40,Trueblue - Blueberry Cranberry,232.54
41,"Roe - Lump Fish, Black",550.88
42,Soup - Campbells Chicken,640.03
43,Thyme - Fresh,98.43
44,Broom - Corn,961.35
45,Juice - Ocean Spray Cranberry,685.79
46,Seaweed Green Sheets,478.85
47,Cocoa Feuilletine,731.54
48,Herb Du Provence - Primerba,463.56
49,Tea Peppermint,407.08
50,Longan,56.15
51,"Shrimp - 16/20, Peeled Deviened",82.27
52,Soup - French Can Pea,834.69
53,Cookie Double Choco,12.41
54,Wine - Zonnebloem Pinotage,784.7
55,"Beef - Tongue, Cooked",544.16
56,Cheese - Pont Couvert,326.46
57,Truffle Cups - White Paper,763.54
58,Wine - Jackson Triggs Okonagan,78.03
59,Coffee - Hazelnut Cream,541.51
60,Peach - Fresh,576.63
61,"Artichoke - Hearts, Canned",840.0
62,Tomatoes,225.04
63,Allspice - Jamaican,507.48
64,Plate Pie Foil,281.38
65,Cookies - Assorted,338.81
66,Lid - 3oz Med Rec,515.74
67,Chocolate - White,236.56
68,Wine - Casillero Deldiablo,884.86
69,"Cheese - Cheddar, Medium",336.3
70,Lobster - Cooked,400.48
71,Watercress,411.57
72,"Pasta - Cappellini, Dry",501.21
73,Hagen Daza - Dk Choocolate,86.26
74,Muffin Mix - Corn Harvest,765.5
75,Onions - Spanish,128.06
76,"Shrimp - Baby, Cold Water",902.29
77,Bread - Granary Small Pull,98.71
78,Wine - Tribal Sauvignon,689.49
79,Beans - Fava Fresh,294.51
80,"Oregano - Dry, Rubbed",543.49
81,Dehydrated Kelp Kombo,924.54
82,"Oil - Truffle, Black",865.69
83,Cheese - Parmigiano Reggiano,210.94
84,Ecolab - Hobart Upr Prewash Arm,168.31
85,Potato - Sweet,95.3
86,Lemonade - Pineapple Passion,830.65
87,Potatoes - Parissienne,225.7
88,Crab - Soft Shell,99.86
89,Bread Base - Goodhearth,274.67
90,Clams - Bay,41.83
91,Bandage - Finger Cots,792.61
92,Beer - True North Lager,545.25
93,Thyme - Fresh,826.9
94,Ginger - Crystalized,107.11
95,"Nut - Walnut, Pieces",22.8
96,Pastry - Key Limepoppy Seed Tea,833.34
97,"Tray - Foam, Square 4 - S",156.16
98,Butter Ripple - Phillips,36.43
99,Cinnamon Buns Sticky,609.72
100,Water - Evian 355 Ml,99.95
101,Blueberries,446.53
102,"Pork - Bacon,back Peameal",92.45
103,Steampan - Half Size Shallow,713.27
104,Raisin - Dark,523.3
105,"Sprite, Diet - 355ml",853.83
106,Bacardi Raspberry,599.63
107,Ice Cream - Life Savers,802.9
108,"Pail - 15l White, With Handle",585.17
109,Hersey Shakes,512.52
110,"Coconut - Shredded, Unsweet",465.41
111,Wine - Kwv Chenin Blanc South,413.51
112,Soup - Cream Of Potato / Leek,257.18
113,Hand Towel,71.23
114,"Shrimp - Baby, Warm Water",772.57
115,Cheese - Swiss,508.08
116,"Bread - Pumpernickle, Rounds",95.79
117,Arizona - Green Tea,554.89
118,Soup - Campbells Chili Veg,289.0
119,Bread - Olive,544.45
120,Peach - Fresh,694.92
121,Fudge - Cream Fudge,52.83
122,Shallots,282.54
123,Appetizer - Smoked Salmon / Dill,149.94
124,Bay Leaf Fresh,829.14
125,Bagel - Everything,171.69
126,"Yogurt - Blueberry, 175 Gr",660.42
127,Glove - Cutting,323.53
128,Chocolate - Dark,108.66
129,"Cherries - Maraschino,jar",856.67
130,Wine - Magnotta - Cab Sauv,156.99
131,Cheese - Montery Jack,744.11
132,Chinese Foods - Thick Noodles,300.93
133,Eggroll,141.06
134,Cheese - Swiss,240.88
135,Cake - Mini Cheesecake,400.62
136,Cognac - Courvaisier,179.21
137,Chocolate - Chips Compound,397.45
138,Sauce - Cranberry,464.06
139,Steel Wool S.o.s,84.97
140,Carbonated Water - Wildberry,134.37
141,Pork - Sausage Casing,265.11
142,Flour - Strong Pizza,587.98
143,Tea - Black Currant,941.24
144,"Tart Shells - Savory, 3",754.33
145,Soup - Campbells Bean Medley,940.86
146,Venison - Racks Frenched,33.17
147,Cinnamon - Stick,881.82
148,"Stock - Beef, Brown",549.23
149,Cornflakes,332.7
150,Nantuket Peach Orange,241.03
151,Plaintain,645.18
152,Wine - Riesling Alsace Ac 2001,205.4
153,Wine - Guy Sage Touraine,271.23
154,Longos - Assorted Sandwich,880.95
155,Pastry - Banana Muffin - Mini,225.78
156,Pears - Bartlett,344.2
157,"Tortillas - Flour, 8",963.25
158,Horseradish - Prepared,830.53
159,Lamb Leg - Bone - In Nz,323.28
160,Glaze - Apricot,362.28
161,"Pasta - Rotini, Dry",972.62
162,Five Alive Citrus,913.02
163,Seabream Whole Farmed,92.91
164,"Salmon - Smoked, Sliced",222.93
165,Sauce - Demi Glace,822.44
166,"Wine - Red, Gamay Noir",387.47
167,Water - Aquafina Vitamin,456.25
168,Wine - Wyndham Estate Bin 777,436.51
169,Sterno - Chafing Dish Fuel,118.18
170,The Pop Shoppe - Cream Soda,368.21
171,Hog / Sausage Casing - Pork,789.08
172,Eggplant Italian,853.19
173,Cheese - Cheddarsliced,157.38
174,"Pasta - Orzo, Dry",679.43
175,Rabbit - Saddles,169.42
176,Cabbage - Nappa,348.21
177,Coffee Beans - Chocolate,173.0
178,Quiche Assorted,789.4
179,Wine - Delicato Merlot,335.28
180,"Doilies - 10, Paper",76.1
181,Broom - Angled,139.38
182,Longos - Penne With Pesto,774.55
183,Beef - Tenderloin - Aa,126.73
184,Veal - Osso Bucco,617.04
185,"Soup - Campbells, Spinach Crm",90.96
186,Wine - Chablis 2003 Champs,388.33
187,Pastry - Cherry Danish - Mini,677.93
188,"Basil - Dry, Rubbed",841.41
189,Beer - Muskoka Cream Ale,484.83
190,Dc - Frozen Momji,252.27
191,Sesame Seed Black,721.52
192,Apples - Sliced / Wedge,813.68
193,Barley - Pearl,411.46
194,Hold Up Tool Storage Rack,557.75
195,"Juice - V8, Tomato",78.95
196,Beef - Shank,664.63
197,Baking Soda,774.69
198,"Split Peas - Green, Dry",362.99
199,Water - Aquafina Vitamin,747.87
200,Spice - Pepper Portions,49.62
201,Cookies - Fortune,50.18
202,Schnappes Peppermint - Walker,458.38
203,Durian Fruit,185.53
204,Mushroom - Portebello,413.45
205,Wooden Mop Handle,242.07
206,Vol Au Vents,620.62
207,Tuna - Loin,890.58
208,Pants Custom Dry Clean,891.73
209,Oil - Margarine,799.2
210,"Veal - Tenderloin, Untrimmed",74.29
211,Squash - Acorn,396.6
212,"Vermouth - White, Cinzano",205.7
213,Garam Marsala,61.41
214,Ecolab - Hobart Upr Prewash Arm,567.56
215,"Apple - Delicious, Golden",201.56
216,Glaze - Apricot,83.81
217,Lamb Leg - Bone - In Nz,460.61
218,Wine - Fume Blanc Fetzer,409.13
219,Sproutsmustard Cress,279.75
220,Soup - Verve - Chipotle Chicken,846.17
221,Noodles - Steamed Chow Mein,518.91
222,Bread Fig And Almond,52.08
223,Silicone Paper 16.5x24,541.52
224,Mussels - Frozen,827.67
225,Chocolate - Feathers,887.89
226,Yogurt - Plain,487.58
227,Jolt Cola - Electric Blue,356.33
228,Apricots - Dried,889.44
229,Easy Off Oven Cleaner,956.11
230,Cookies - Englishbay Wht,199.74
231,Longos - Lasagna Beef,20.67
232,Cornflakes,389.96
233,Pineapple - Golden,441.07
234,"Lamb - Loin, Trimmed, Boneless",499.82
235,Liqueur - Melon,519.79
236,"Nut - Peanut, Roasted",444.51
237,"Pork - Ham, Virginia",575.03
238,"Beef - Ox Tongue, Pickled",317.96
239,Sausage - Liver,748.54
240,Chevere Logs,149.19
241,Mcguinness - Blue Curacao,440.07
242,Pop Shoppe Cream Soda,905.16
243,Muffin - Bran Ind Wrpd,573.61
244,Soup - Campbells Mac N Cheese,534.5
245,"Wine - Red, Gallo, Merlot",950.02
246,Quail - Jumbo,730.03
247,Tea - English Breakfast,298.74
248,"Lid - 10,12,16 Oz",930.58
249,Salmon - Fillets,891.99
250,Monkfish Fresh - Skin Off,939.79
251,"Bread - Pita, Mini",729.66
252,Coconut Milk - Unsweetened,331.96
253,Calaloo,345.3
254,Wine - Savigny - Les - Beaune,764.71
255,Juice - Apple Cider,436.54
256,Wine - Magnotta - Cab Sauv,204.2
257,Sprouts Dikon,122.25
258,Ham - Proscuitto,785.35
259,Syrup - Monin - Granny Smith,747.02
260,Bread - Flat Bread,249.86
261,"Juice - Tomato, 48 Oz",472.31
262,"Oil - Food, Lacquer Spray",231.75
263,"Appetizer - Mini Egg Roll, Shrimp",314.05
264,Squeeze Bottle,398.65
265,Sesame Seed,429.93
266,Emulsifier,655.55
267,Soup - Campbells Bean Medley,838.48
268,Tarragon - Fresh,701.86
269,Sambuca Cream,780.19
270,"Pasta - Cappellini, Dry",86.53
271,"Wine - Red, Concha Y Toro",780.19
272,Parsnip,112.9
273,"Carrots - Purple, Organic",454.01
274,Bread - Wheat Baguette,613.39
275,Wine - Zinfandel Rosenblum,490.26
276,Apple - Granny Smith,823.32
277,Magnotta - Bel Paese White,178.69
278,Wine - Cabernet Sauvignon,412.33
279,Chickhen - Chicken Phyllo,450.08
280,Relish,817.45
281,Goat - Whole Cut,41.72
282,Pork - Hock And Feet Attached,668.43
283,Wine - Prosecco Valdobiaddene,831.91
284,Tomatoes Tear Drop,863.98
285,Orange Roughy 6/8 Oz,384.98
286,Onions - Vidalia,237.44
287,Water - Green Tea Refresher,619.19
288,Couscous,970.26
289,Truffle Cups - White Paper,110.97
290,Soup Campbells Beef With Veg,81.81
291,"Potatoes - Yukon Gold, 80 Ct",668.35
292,Oil - Avocado,266.51
293,Peppercorns - Pink,846.39
294,Ice Cream - Turtles Stick Bar,161.17
295,Green Scrubbie Pad H.duty,587.49
296,"Juice - Grape, White",273.82
297,"Coconut - Creamed, Pure",682.77
298,"Juice - Pineapple, 48 Oz",37.69
299,Vaccum Bag 10x13,467.49
300,Bread Base - Gold Formel,897.58
301,"Star Anise, Whole",949.98
302,Wonton Wrappers,604.82
303,Cheese - Ermite Bleu,580.41
304,"Clams - Littleneck, Whole",615.67
305,Graham Cracker Mix,947.98
306,Corn - On The Cob,213.07
307,Lemon Tarts,388.59
308,Chocolate Bar - Reese Pieces,500.48
309,Daikon Radish,349.8
310,Shark - Loin,613.06
311,Chips - Miss Vickies,810.99
312,Soup - Campbells Mac N Cheese,800.32
313,Cheese - Marble,540.54
314,Tea - Vanilla Chai,900.79
315,Slt - Individual Portions,579.13
316,"Soup - Beef, Base Mix",226.73
317,Sauce - Demi Glace,335.51
318,Muffin Mix - Banana Nut,152.08
319,Bread - Raisin Walnut Pull,431.62
320,Venison - Liver,734.03
321,Broom And Broom Rack White,971.63
322,Clam - Cherrystone,758.62
323,Cleaner - Lime Away,246.05
324,Salmon - Fillets,405.8
325,Coffee Swiss Choc Almond,534.46
326,Wine - Gato Negro Cabernet,631.62
327,Cleaner - Comet,888.73
328,Milk - 2% 250 Ml,889.04
329,"Jam - Raspberry,jar",646.79
330,Octopus,275.89
331,"Lid - 10,12,16 Oz",998.8
332,Lettuce - Sea / Sea Asparagus,267.29
333,"Juice - Pineapple, 48 Oz",982.46
334,Salmon Steak - Cohoe 6 Oz,658.82
335,Bagel - Plain,193.85
336,Muffin - Zero Transfat,462.12
337,"Halibut - Whole, Fresh",134.04
338,Fond - Neutral,461.96
339,Broom - Angled,542.45
340,Cake - Cheese Cake 9 Inch,714.73
341,Green Tea Refresher,490.45
342,Scallops - Live In Shell,872.06
343,Plasticforkblack,161.38
344,"Pail - 4l White, With Handle",940.03
345,Contreau,293.16
346,Soup - French Can Pea,761.79
347,"Liqueur Banana, Ramazzotti",73.67
348,Alize Gold Passion,777.68
349,Wine La Vielle Ferme Cote Du,334.76
350,Bananas,10.55
351,Bread - Dark Rye,767.36
352,Coffee - Egg Nog Capuccino,993.13
353,Wine - Stoneliegh Sauvignon,446.87
354,"Salmon - Atlantic, No Skin",386.03
355,Bread - Wheat Baguette,44.93
356,Compound - Rum,692.68
357,Rye Special Old,643.12
358,"Squash - Pattypan, Yellow",135.83
359,Crackers - Melba Toast,13.89
360,Silicone Parch. 16.3x24.3,340.62
361,"Onions - Dried, Chopped",716.76
362,Versatainer Nc - 8288,238.66
363,"Mushroom - Shitake, Fresh",720.86
364,Bread Foccacia Whole,408.55
365,"Clams - Littleneck, Whole",211.07
366,Syrup - Chocolate,710.97
367,Mini - Vol Au Vents,173.7
368,Tea Leaves - Oolong,836.95
369,"Beef - Baby, Liver",310.18
370,Veal - Sweetbread,596.84
371,Chocolate Bar - Oh Henry,145.5
372,Wine - Sake,969.61
373,Eggs - Extra Large,438.23
374,Beer - Labatt Blue,198.39
375,Initation Crab Meat,180.91
376,Tart - Pecan Butter Squares,249.2
377,Corn Meal,511.59
378,"Veal - Tenderloin, Untrimmed",820.44
379,Salmon - Sockeye Raw,920.04
380,Crawfish,276.71
381,Chicken Breast Halal,468.65
382,Whmis - Spray Bottle Trigger,222.89
383,"Cheese - Woolwich Goat, Log",862.19
384,Banana - Green,649.82
385,Brandy Cherry - Mcguinness,848.41
386,Mix - Cappucino Cocktail,575.33
387,"Doilies - 10, Paper",935.49
388,Creme De Menth - White,853.72
389,Glass Clear 7 Oz Xl,304.63
390,"Soup - Campbells, Beef Barley",258.64
391,Sage - Fresh,926.79
392,Lemon Balm - Fresh,341.24
393,Peach - Halves,710.2
394,Tea - Decaf 1 Cup,942.52
395,Juice - Ocean Spray Kiwi,616.65
396,Flour - Pastry,930.78
397,"Basil - Primerba, Paste",909.28
398,Tomatoes - Cherry,663.44
399,Shiratamako - Rice Flour,712.27
400,"Sauce - White, Mix",330.48
401,Turnip - White,975.36
402,Cheese - Gorgonzola,738.87
403,Turnip - Mini,230.47
404,Water - Aquafina Vitamin,617.5
405,Spice - Onion Powder Granulated,526.34
406,Olive - Spread Tapenade,794.49
407,Raspberries - Frozen,946.01
408,"Pasta - Lasagna, Dry",882.8
409,Oil - Avocado,96.83
410,Clams - Canned,170.27
411,Wine - Chianti Classica Docg,759.15
412,Quinoa,205.51
413,Dried Figs,959.67
414,Beer - True North Lager,853.78
415,Rice - Sushi,578.1
416,Salad Dressing,135.39
417,Melon - Honey Dew,973.58
418,Bread - Wheat Baguette,933.19
419,Pepper - Jalapeno,917.27
420,Chocolate Bar - Oh Henry,105.2
421,"Soda Water - Club Soda, 355 Ml",769.35
422,"Pepper - White, Whole",88.91
423,Tofu - Soft,748.61
424,"Beans - Black Bean, Preserved",103.04
425,Nori Sea Weed - Gold Label,894.46
426,Chicken - Wieners,68.95
427,Cheese - Goat With Herbs,662.09
428,Roe - Flying Fish,630.17
429,Juice - Ocean Spray Kiwi,115.14
430,Longos - Chicken Curried,995.32
431,Veal - Eye Of Round,692.73
432,Cheese - Le Cru Du Clocher,805.55
433,Quail - Jumbo Boneless,842.39
434,Devonshire Cream,172.87
435,"Mushroom - Enoki, Fresh",176.59
436,Tomatoes - Grape,487.36
437,Snapple - Iced Tea Peach,922.47
438,"Fish - Scallops, Cold Smoked",997.99
439,Coffee - Irish Cream,969.5
440,Wine - Vouvray Cuvee Domaine,729.57
441,Beer - Sleeman Fine Porter,972.78
442,Salt - Celery,269.91
443,Soupfoamcont12oz 112con,621.51
444,Sweet Pea Sprouts,361.71
445,Wild Boar - Tenderloin,682.01
446,Tequila - Sauza Silver,490.99
447,Relish,641.84
448,Shiratamako - Rice Flour,27.17
449,"Lamb - Leg, Boneless",285.35
450,Yeast Dry - Fleischman,631.01
451,Flour Dark Rye,930.18
452,Sugar - Crumb,477.71
453,Wine - Chenin Blanc K.w.v.,902.86
454,Clam - Cherrystone,929.43
455,Long Island Ice Tea,708.57
456,Chips Potato Salt Vinegar 43g,722.1
457,"Cheese - Cheddar, Mild",488.12
458,Toothpick Frilled,603.21
459,Wine - Sauvignon Blanc Oyster,872.89
460,Bread Crumbs - Panko,45.99
461,Chips Potato Reg 43g,761.52
462,Potatoes - Yukon Gold 5 Oz,654.66
463,Ice Cream - Fudge Bars,677.95
464,Radish - Pickled,329.31
465,Dikon,298.13
466,Savory,814.72
467,Tomato - Tricolor Cherry,101.9
468,Grouper - Fresh,120.98
469,"Cheese - Havarti, Salsa",812.84
470,Liners - Baking Cups,727.96
471,Salad Dressing,370.57
472,Shrimp - 150 - 250,468.17
473,Wine - Penfolds Koonuga Hill,505.01
474,"Juice - Pineapple, 341 Ml",401.39
475,Veal - Heart,189.01
476,Mushroom - Morel Frozen,996.87
477,Higashimaru Usukuchi Soy,711.17
478,The Pop Shoppe - Black Cherry,308.66
479,"Basil - Dry, Rubbed",763.07
480,Soup - Cream Of Broccoli,772.0
481,Mustard - Dijon,358.4
482,Passion Fruit,312.36
483,Cheese - Grana Padano,677.06
484,Wine - Muscadet Sur Lie,482.35
485,Higashimaru Usukuchi Soy,55.9
486,Nantucket Orange Juice,769.34
487,Bread - Sour Batard,260.88
488,Oyster - In Shell,646.9
489,Peach - Halves,649.46
490,Cookie Dough - Chocolate Chip,293.1
491,Prunes - Pitted,656.69
492,Beer - Tetleys,932.77
493,Sprouts - Pea,815.52
494,"Wine - Magnotta - Red, Baco",887.77
495,Yogurt - Assorted Pack,235.09
496,Apricots - Dried,174.65
497,Venison - Denver Leg Boneless,953.21
498,Ham Black Forest,301.8
499,Oil - Margarine,64.46
500,Flour - Strong Pizza,910.21
501,Nut - Macadamia,997.58
502,Bouillion - Fish,138.99
503,Skirt - 29 Foot,220.62
504,Silicone Parch. 16.3x24.3,186.5
505,Parsnip,92.22
506,Wonton Wrappers,894.97
507,Flour - Strong,902.4
508,Apples - Spartan,307.52
509,Flower - Daisies,536.76
510,Black Currants,703.42
511,Crackers - Graham,327.41
512,Gherkin - Sour,741.41
513,White Baguette,419.57
514,Sprouts - Alfalfa,591.83
515,"Wine - Red, Mosaic Zweigelt",641.67
516,"Nut - Walnut, Chopped",195.23
517,Cheese - Goat,435.35
518,Beef - Striploin,172.24
519,Honey - Lavender,791.51
520,Pear - Packum,621.14
521,Pineapple - Regular,499.87
522,Wine - Cousino Macul Antiguas,986.28
523,"Soup - Knorr, Classic Can. Chili",687.35
524,White Fish - Filets,305.56
525,Muffin Hinge - 211n,525.66
526,Chicken Thigh - Bone Out,588.02
527,Salt - Celery,947.66
528,Pepper - Sorrano,207.72
529,"Plate - Foam, Bread And Butter",552.93
530,Shrimp - Black Tiger 16/20,370.38
531,Devonshire Cream,172.17
532,"Mushroom - Enoki, Dry",548.15
533,Crush - Cream Soda,484.97
534,"Soda Water - Club Soda, 355 Ml",898.15
535,Muffin Mix - Chocolate Chip,160.7
536,Sprouts - Brussel,533.57
537,Munchies Honey Sweet Trail Mix,190.8
538,Wine - Chablis 2003 Champs,306.14
539,Wine - Conde De Valdemar,429.26
540,Longos - Greek Salad,967.28
541,Sausage - Liver,718.12
542,Dried Cranberries,230.27
543,Venison - Striploin,622.53
544,Tamarind Paste,893.91
545,Dome Lid Clear P92008h,946.96
546,Tea - Decaf Lipton,559.37
547,Lotus Leaves,117.8
548,Pop - Club Soda Can,407.03
549,Tequila - Sauza Silver,660.53
550,"Clams - Littleneck, Whole",228.76
551,"Lamb - Whole, Frozen",954.86
552,Sausage - Meat,11.3
553,Cheese - Pont Couvert,657.21
554,Oil - Hazelnut,310.1
555,Spic And Span All Purpose,75.49
556,Pastry - Apple Muffins - Mini,963.2
557,"Soup - Knorr, Classic Can. Chili",770.44
558,Energy Drink - Redbull 355ml,522.67
559,Pineapple - Golden,672.72
560,Cheese - St. Andre,711.87
561,Mint - Fresh,498.72
562,Soup V8 Roasted Red Pepper,473.67
563,Wine La Vielle Ferme Cote Du,43.64
564,Beer - Steamwhistle,976.9
565,Dried Figs,777.13
566,Salmon Steak - Cohoe 8 Oz,544.4
567,"Asparagus - White, Canned",679.31
568,"Beef - Ground, Extra Lean, Fresh",434.19
569,Wine - Remy Pannier Rose,582.09
570,Sausage - Chorizo,216.52
571,Wine - Riesling Alsace Ac 2001,967.95
572,Sesame Seed,276.68
573,Oven Mitt - 13 Inch,74.93
574,Bar - Granola Trail Mix Fruit Nut,998.25
575,"Fish - Scallops, Cold Smoked",952.79
576,"Wine - White, Cooking",939.37
577,Cranberries - Frozen,860.91
578,Cranberry Foccacia,666.64
579,Wine - Maipo Valle Cabernet,130.65
580,Lychee - Canned,999.58
581,Syrup - Monin - Blue Curacao,717.83
582,"Crab - Blue, Frozen",55.28
583,Lid - 16 Oz And 32 Oz,414.02
584,Aspic - Amber,28.99
585,Pastry - Carrot Muffin - Mini,957.03
586,Momiji Oroshi Chili Sauce,91.6
587,Five Alive Citrus,748.1
588,Juice - Lemon,985.42
589,Appetiser - Bought,119.74
590,Hot Choc Vending,987.2
591,Wine - Gato Negro Cabernet,278.55
592,Juice - Lime,949.71
593,"Garlic - Primerba, Paste",273.26
594,Beer - Steamwhistle,79.13
595,Wine - Mondavi Coastal Private,176.44
596,"Beef - Rib Roast, Capless",317.4
597,Towel Dispenser,880.49
598,Mix - Cocktail Strawberry Daiquiri,395.02
599,Sauce - Ranch Dressing,386.08
600,Scallops - Live In Shell,45.07
601,Bread - Hamburger Buns,97.59
602,Salmon - Fillets,185.15
603,Cake - French Pear Tart,227.53
604,Chocolate - Unsweetened,47.75
605,"Roe - Lump Fish, Red",67.58
606,Island Oasis - Peach Daiquiri,422.71
607,Dragon Fruit,123.18
608,Momiji Oroshi Chili Sauce,945.08
609,Bandage - Finger Cots,485.18
610,"Cheese - Mozzarella, Shredded",591.08
611,Mangostein,72.58
612,Jolt Cola,103.91
613,"Brandy - Orange, Mc Guiness",239.01
614,"Pepper - Black, Ground",330.03
615,Chicken - Whole,496.67
616,Chocolate - Dark,42.94
617,Triple Sec - Mcguinness,732.17
618,"Wine - Red, Gallo, Merlot",250.4
619,Wine - Chateau Aqueria Tavel,89.74
620,Spic And Span All Purpose,615.59
621,Cake Slab,173.54
622,Sea Bass - Whole,232.04
623,Lid Coffee Cup 8oz Blk,945.72
624,Glove - Cutting,782.91
625,Wine - Fontanafredda Barolo,182.82
626,Filter - Coffee,623.61
627,Milk - Condensed,727.11
628,"Sauce - Bernaise, Mix",802.78
629,Cardamon Ground,816.73
630,Pepper - Red Chili,937.05
631,Sauce - Caesar Dressing,125.57
632,Trueblue - Blueberry Cranberry,943.15
633,Table Cloth 81x81 White,688.72
634,Lady Fingers,183.46
635,Nantucket Orange Juice,599.68
636,Soho Lychee Liqueur,302.72
637,Vinegar - White,232.09
638,Vinegar - Sherry,702.35
639,Tea - Camomele,504.76
640,Ham - Virginia,780.76
641,"Pepper - Green, Chili",515.81
642,Pastry - Banana Muffin - Mini,127.11
643,Beer - Mill St Organic,32.32
644,Bread - Corn Muffaletta,331.33
645,White Fish - Filets,416.25
646,Cream - 10%,826.99
647,Gelatine Leaves - Bulk,473.7
648,Roe - White Fish,835.78
649,Cookie Dough - Chunky,302.71
650,Curry Powder,634.77
651,Ham - Cooked Italian,540.36
652,Pastry - Cherry Danish - Mini,721.4
653,Beer - Rickards Red,522.93
654,Swiss Chard - Red,342.04
655,Broom - Corn,529.86
656,Magnotta - Bel Paese White,455.73
657,Magnotta - Bel Paese White,389.33
658,Boogies,306.81
659,"Wine - White, Colubia Cresh",313.35
660,Broom Handle,395.84
661,"Veal - Inside, Choice",708.53
662,Bread Base - Gold Formel,548.64
663,Grapes - Red,371.82
664,Pastry - Banana Tea Loaf,648.02
665,"Fish - Scallops, Cold Smoked",948.38
666,"Fish - Halibut, Cold Smoked",464.61
667,Cake Slab,319.43
668,"Tomatoes - Diced, Canned",567.3
669,"Pork - Butt, Boneless",768.13
670,Squash - Sunburst,916.31
671,Ecolab - Hand Soap Form Antibac,533.06
672,Dip - Tapenade,713.76
673,"Cheese - Romano, Grated",474.11
674,Tea - Decaf 1 Cup,919.3
675,Muffin Mix - Banana Nut,248.06
676,Vinegar - Sherry,901.78
677,Green Scrubbie Pad H.duty,170.24
678,Tamarillo,43.6
679,Avocado,425.64
680,Spice - Chili Powder Mexican,67.16
681,"Nut - Almond, Blanched, Ground",33.67
682,Tray - 12in Rnd Blk,432.94
683,Coffee - French Vanilla Frothy,287.32
684,Sprouts - Bean,184.89
685,Wine - Duboeuf Beaujolais,194.14
686,"7up Diet, 355 Ml",473.0
687,"Trout - Rainbow, Fresh",714.15
688,Sugar Thermometer,594.86
689,Cookie Chocolate Chip With,885.61
690,Bandage - Flexible Neon,220.4
691,Ham - Proscuitto,790.85
692,Lemon Balm - Fresh,301.74
693,"Oil - Shortening,liqud, Fry",207.9
694,Vector Energy Bar,741.74
695,Godiva White Chocolate,859.17
696,Pie Filling - Apple,140.88
697,Myers Planters Punch,758.22
698,Cheese - Parmesan Grated,683.04
699,Cabbage Roll,363.89
700,Cod - Fillets,28.99
701,"Coffee - Colombian, Portioned",605.92
702,Longos - Grilled Veg Sandwiches,621.28
703,Foam Espresso Cup Plain White,825.71
704,Crab - Meat,987.93
705,"Apple - Delicious, Golden",415.16
706,Bread Sour Rolls,627.64
707,Wine - Barbera Alba Doc 2001,908.09
708,Thyme - Fresh,96.33
709,Lobster - Canned Premium,622.24
710,Cognac - Courvaisier,951.76
711,Wine - Magnotta - Bel Paese White,25.88
712,Juice - Happy Planet,144.06
713,"Lemonade - Black Cherry, 591 Ml",75.39
714,"Fish - Soup Base, Bouillon",138.66
715,Wine - Ruffino Chianti,90.44
716,Yucca,283.09
717,"Coconut - Shredded, Sweet",395.93
718,Wine - Soave Folonari,62.11
719,Tomatoes - Roma,352.42
720,Cumin - Whole,354.41
721,Lobster - Cooked,774.72
722,"Soup - Campbells, Butternut",719.34
723,Turkey - Ground. Lean,590.8
724,"Soup - Campbells, Lentil",148.97
725,Wine La Vielle Ferme Cote Du,57.94
726,Hand Towel,547.11
727,"Wine - Red, Pelee Island Merlot",837.72
728,Ice Cream Bar - Oreo Sandwich,834.28
729,"Beef - Ox Tail, Frozen",597.19
730,Molasses - Fancy,991.2
731,"Pasta - Lasagne, Fresh",978.94
732,Sauce - Fish 25 Ozf Bottle,141.13
733,Soup V8 Roasted Red Pepper,518.63
734,Bread - Olive Dinner Roll,727.71
735,Juice - Happy Planet,705.84
736,Ecolab - Hobart Washarm End Cap,37.9
737,Squash - Butternut,311.02
738,Chick Peas - Dried,482.85
739,"Wine - Red, Cabernet Sauvignon",182.59
740,"Soup - Clam Chowder, Dry Mix",602.42
741,Food Colouring - Orange,222.02
742,Turkey - Oven Roast Breast,512.66
743,Taro Leaves,773.45
744,Juice - Happy Planet,801.7
745,Cheese - Comtomme,628.26
746,Onions Granulated,776.35
747,Chicken - Whole Roasting,573.48
748,"Orange - Canned, Mandarin",637.78
749,"Thyme - Lemon, Fresh",808.36
750,Sobe - Orange Carrot,712.55
751,Jam - Raspberry,264.77
752,Wine - Acient Coast Caberne,883.28
753,Pie Shells 10,160.06
754,Butter - Unsalted,565.95
755,Bar Nature Valley,393.92
756,Soup - Campbells Chili,263.79
757,"Pepper - Black, Ground",718.37
758,Black Currants,191.37
759,Bread Base - Italian,132.03
760,Veal - Striploin,545.8
761,Papadam,890.75
762,"Doilies - 5, Paper",909.41
763,Pastry - Chocolate Marble Tea,604.42
764,Stainless Steel Cleaner Vision,816.03
765,Oil - Margarine,242.07
766,"Pesto - Primerba, Paste",277.5
767,Wine - Ej Gallo Sonoma,137.25
768,Beef - Diced,152.76
769,Beef - Short Ribs,83.04
770,Cafe Royale,101.26
771,Lobster - Tail 6 Oz,22.38
772,"Coffee - Colombian, Portioned",757.47
773,Wine - Prem Select Charddonany,354.21
774,Wine - Riesling Alsace Ac 2001,637.31
775,Cheese - Goat,667.71
776,Chicken - Leg / Back Attach,200.16
777,Tomatoes - Orange,69.87
778,"Lemonade - Strawberry, 591 Ml",985.41
779,"Artichoke - Bottom, Canned",842.23
780,Tomatillo,411.57
781,"Fish - Halibut, Cold Smoked",839.57
782,Oysters - Smoked,669.29
783,Ice Cream - Strawberry,313.29
784,Pork - European Side Bacon,915.98
785,Pumpkin - Seed,213.15
786,V8 - Berry Blend,707.39
787,Cheese Cloth No 100,11.53
788,"Appetizer - Mini Egg Roll, Shrimp",631.18
789,Milk - Buttermilk,234.78
790,Otomegusa Dashi Konbu,574.04
791,"Wine - White, Colubia Cresh",711.86
792,Huck White Towels,155.33
793,Cheese - Comtomme,43.46
794,Rice - Jasmine Sented,789.33
795,"Asparagus - Green, Fresh",970.93
796,Cups 10oz Trans,698.47
797,V8 Pet,871.92
798,Beer - Blue Light,938.72
799,"Nut - Peanut, Roasted",143.02
800,The Pop Shoppe - Lime Rickey,440.48
801,French Pastry - Mini Chocolate,118.84
802,"Soup - Campbells, Chix Gumbo",219.97
803,Hot Choc Vending,445.45
804,Kumquat,177.95
805,"Ecolab - Orange Frc, Cleaner",864.55
806,Plate Foam Laminated 9in Blk,963.92
807,Coconut - Whole,997.64
808,"Juice - Clamato, 341 Ml",562.91
809,Sugar Thermometer,824.29
810,Wakami Seaweed,193.18
811,"Chestnuts - Whole,canned",191.18
812,Vinegar - Cider,992.8
813,Port - 74 Brights,662.21
814,"Bread - Roll, Whole Wheat",842.17
815,Beans - Wax,853.68
816,"Mushroom - Shitake, Dry",450.49
817,Bacardi Breezer - Strawberry,813.32
818,Quinoa,344.68
819,Cheese - Grie Des Champ,526.58
820,Pastry - Banana Tea Loaf,55.29
821,Mix - Cocktail Ice Cream,563.04
822,Pepper - Cubanelle,956.15
823,Meldea Green Tea Liquor,301.59
824,Sobe - Orange Carrot,426.57
825,Chocolate - Liqueur Cups With Foil,929.22
826,Wine - Periguita Fonseca,93.21
827,Turkey Leg With Drum And Thigh,735.31
828,Chinese Lemon Pork,48.95
829,Lotus Leaves,739.84
830,Sprouts - Baby Pea Tendrils,390.86
831,Peppercorns - Green,300.11
832,Creme De Banane - Marie,291.05
833,Chicken - Tenderloin,416.26
834,Easy Off Oven Cleaner,966.48
835,"Veal - Inside Round / Top, Lean",275.04
836,Sobe - Berry Energy,857.56
837,Wine - Pinot Noir Mondavi Coastal,735.66
838,"Juice - V8, Tomato",801.23
839,Bag Clear 10 Lb,796.93
840,Chicken - Soup Base,648.81
841,Water - Tonic,187.63
842,Pear - Halves,329.44
843,"Peas - Pigeon, Dry",649.01
844,Beef - Ground Medium,334.02
845,Garbage Bag - Clear,76.1
846,Eggplant - Regular,949.39
847,Wine - Jaboulet Cotes Du Rhone,735.13
848,Fiddlehead - Frozen,920.78
849,Wine - Rubyport,611.12
850,"Salmon - Atlantic, Fresh, Whole",876.72
851,Flower - Leather Leaf Fern,554.37
852,Pears - Anjou,141.07
853,"Mushroom - Enoki, Fresh",856.32
854,Coriander - Seed,221.74
855,Sping Loaded Cup Dispenser,866.87
856,"Pork - Chop, Frenched",191.96
857,"Beef - Rib Roast, Capless",864.12
858,"Lamb - Leg, Boneless",629.75
859,Icecream - Dstk Super Cone,65.51
860,Sage - Fresh,55.09
861,Mcguinness - Blue Curacao,795.69
862,V8 Pet,729.21
863,"Leeks - Baby, White",862.01
864,Pails With Lids,339.93
865,"Nut - Hazelnut, Ground, Natural",807.57
866,Dried Peach,401.57
867,"Beef - Ox Tongue, Pickled",371.47
868,Soup Campbells - Tomato Bisque,203.78
869,"Wine - Red, Mouton Cadet",703.77
870,"Wine - White, Schroder And Schyl",925.41
871,Sprouts - Corn,606.72
872,Cranberries - Fresh,463.68
873,Honey - Lavender,362.47
874,Syrup - Monin - Blue Curacao,551.57
875,"7up Diet, 355 Ml",559.78
876,Otomegusa Dashi Konbu,11.68
877,Ice Cream Bar - Hagen Daz,795.65
878,Calaloo,901.8
879,Transfer Sheets,620.57
880,Goldschalger,589.89
881,Eggplant - Regular,705.53
882,Muffin - Blueberry Individual,96.59
883,Yucca,733.97
884,Sprouts - Pea,158.38
885,Glaze - Clear,726.73
886,Muffin Mix - Oatmeal,192.76
887,Beef - Cow Feet Split,731.47
888,"Rum - Light, Captain Morgan",141.64
889,Wine - Baron De Rothschild,875.91
890,Sprouts - Corn,439.09
891,Bread - Crusty Italian Poly,308.85
892,Cheese - Brie Roitelet,778.87
893,Rice - Jasmine Sented,221.0
894,"Soup - Campbells, Cream Of",970.67
895,Ecolab - Balanced Fusion,71.5
896,Beer - Moosehead,916.22
897,Butter Balls Salted,617.54
898,"Crab - Claws, Snow 16 - 24",345.62
899,Steampan - Lid For Half Size,188.16
900,Pear - Prickly,842.65
901,Goat - Leg,169.06
902,Mix - Cocktail Ice Cream,611.18
903,Wine - Chianti Classica Docg,795.39
904,Bread - Olive,456.01
905,Wine - Shiraz Wolf Blass Premium,201.71
906,"Mushroom - Enoki, Fresh",895.41
907,"Lamb - Whole, Fresh",791.71
908,V8 Splash Strawberry Banana,484.53
909,Pectin,928.51
910,Cucumber - English,230.75
911,"Quail - Whole, Bone - In",279.62
912,Cheese Cheddar Processed,879.59
913,Tuna - Loin,937.57
914,"Lamb - Leg, Bone In",262.7
915,"Mushroom - Morels, Dry",172.67
916,Lamb Rack Frenched Australian,584.56
917,"Quail - Eggs, Fresh",354.97
918,Orange Roughy 4/6 Oz,334.11
919,Hummus - Spread,894.16
920,Pork - Shoulder,305.71
921,Oil - Hazelnut,666.25
922,Spinach - Spinach Leaf,200.22
923,Horseradish - Prepared,616.93
924,"Noodles - Cellophane, Thin",589.96
925,Lettuce - Lambs Mash,707.86
926,Sugar - White Packet,652.37
927,"Pork - Back, Short Cut, Boneless",227.02
928,"Oregano - Dry, Rubbed",760.25
929,Versatainer Nc - 9388,244.81
930,Fireball Whisky,774.75
931,Wine - Pinot Noir Pond Haddock,515.0
932,Beer - Camerons Auburn,795.32
933,Aromat Spice / Seasoning,179.92
934,"Butter - Salted, Micro",505.9
935,Marzipan 50/50,292.1
936,Water - Tonic,281.71
937,Flour - Bread,532.5
938,Gingerale - Diet - Schweppes,172.32
939,Wiberg Super Cure,137.48
940,Cheese - Marble,787.93
941,"Pasta - Penne, Rigate, Dry",907.12
942,"Bar Mix - Pina Colada, 355 Ml",815.35
943,Puree - Mocha,282.15
944,Muffin Mix - Blueberry,132.95
945,"Lid - Translucent, 3.5 And 6 Oz",147.73
946,Chevril,632.91
947,Mackerel Whole Fresh,107.81
948,Wine - Fume Blanc Fetzer,341.02
949,Molasses - Fancy,462.15
950,Turkey Leg With Drum And Thigh,266.66
951,Salami - Genova,476.43
952,"Fish - Soup Base, Bouillon",696.15
953,Truffle Cups - Red,71.46
954,"Wine - White, Schroder And Schyl",333.45
955,"Chocolate - Semi Sweet, Calets",174.52
956,Steampan - Foil,661.09
957,Juice - Ocean Spray Cranberry,436.5
958,Cherries - Fresh,776.93
959,Table Cloth 54x72 White,276.52
960,Vaccum Bag - 14x20,715.32
961,Table Cloth 62x114 White,330.12
962,Wine - Kwv Chenin Blanc South,819.11
963,"Salmon - Atlantic, Fresh, Whole",693.26
964,Jack Daniels,761.7
965,"Veal - Chops, Split, Frenched",592.73
966,Ecolab - Hobart Upr Prewash Arm,326.48
967,Bread - Hamburger Buns,906.86
968,Mushroom Morel Fresh,425.73
969,Chocolate - Dark Callets,271.82
970,Sugar - Invert,606.02
971,Walkers Special Old Whiskey,957.94
972,"Oil - Shortening,liqud, Fry",559.04
973,Turkey Leg With Drum And Thigh,963.44
974,Pastry - Butterscotch Baked,816.78
975,Piping - Bags Quizna,275.96
976,"Chilli Paste, Ginger Garlic",856.76
977,Wine - Piper Heidsieck Brut,689.1
978,"Chocolate - Milk, Callets",269.02
979,Cornflakes,753.45
980,Venison - Striploin,924.14
981,Zucchini - Yellow,365.65
982,"Soup - Campbells, Butternut",469.19
983,"Croissant, Raw - Mini",145.02
984,Sage - Rubbed,850.39
985,Fruit Salad Deluxe,608.0
986,Extract - Almond,462.94
987,Passion Fruit,23.63
988,"Salsify, Organic",915.25
989,"Pasta - Lasagna Noodle, Frozen",232.9
990,Nantucket - Kiwi Berry Cktl.,612.72
991,Scallops - 20/30,11.43
992,Plastic Wrap,819.39
993,"Pasta - Fett Alfredo, Single Serve",41.15
994,Oysters - Smoked,429.6
995,Mustard - Seed,549.06
996,Bagel - Whole White Sesame,76.29
997,Beer - Labatt Blue,413.77
998,Wine - Clavet Saint Emilion,890.35
999,"Pasta - Penne, Rigate, Dry",535.14
1000,Chicken - Bones,119.4
